Sun Jun 13 15:08:52 +0800 2021,5765378903,小羊爱吃酱肘子,有朋友说不切实际还有问钱花完怎么办的倒也不是引导大家不上班哈她确实自己也没多有钱平时吃东西还要比比价但是她看重的是人生整体的质感而不只是钱这一个维度吧也许有些人天生适合不上班也许有些人就是天生适合上班上不上班回家问自己内心去请勿在我这吵架谢谢
Sun Jun 13 14:55:08 +0800 2021,5765378903,小羊爱吃酱肘子,每朵花最后都会谢但它们还是会拼尽全力开一次世卫关心你世卫关心你可是等钱花完了不就又回到了初始状态了吗
Sun Jun 13 15:10:54 +0800 2021,1891427492,话家沙鸥女士,这不就是我吗我在梦里投稿了用积蓄吃喝玩乐生活充实比同龄人明显年轻年轻漂亮撩弟弟害羞我没上班的那一年哮喘都没发
Sun Jun 13 15:23:26 +0800 2021,1813447542,Jimmy_says,不上班的第五年爽翻了不上班不工作
Sun Jun 13 23:01:57 +0800 2021,1650246564,学徒王自健,反正我过气了
Sun Jun 13 23:35:29 +0800 2021,5765378903,小羊爱吃酱肘子,不上班不工作允悲
Mon Jun 14 00:00:51 +0800 2021,5522196110,邮见棉棉书,我认为她只是不上班不代表不工作她可以有副业理财等等其他方式的收入可能你没有提到也可能是我单纯这么认为现在还是有许多这样的女性这种生活是我所向往的也在努力我是说不上班但会有其他收入的方式个人一点观点并没有特别针对什么
Sun Jun 13 15:26:30 +0800 2021,3002153043,是贝塔呀-,不上班没有莫名其妙的事情烦真的比较不显老可能还有不爱出门晒不到太阳的有关系吧我比同龄人看起来小至少岁混吃等死我的日常
Sun Jun 13 15:50:39 +0800 2021,6037556815,睡不醒的小Ann,之前上班太痛苦了总是想自杀下定决心离职以后各种心情好各种认识新朋友人生有时候得放过自己反正发不了财就给自己半年调整心情明年再出发吧抱一抱
Sun Jun 13 14:45:48 +0800 2021,5379433588,fengfengeye,真的是令人羡慕的人生和令我敬佩的勇气
Sun Jun 13 20:56:31 +0800 2021,2632818541,Dogtor_Sun,竟然沒有找到喜歡上班的評論我喜歡上班可以體現自己的價值工作中不愉快的事可以鍛鍊自己的心理承受能力這些都是人生最珍貴的東西可貴的東西不是只有美貌和舒適
Sun Jun 13 20:57:10 +0800 2021,3079098263,LO_Ofyj,我朋友圈里前同事确实有这种人一年天每周几乎都是在旅游以前国外现在疫情改国内什么异域风情小众地方几乎都是深度游人也漂亮生活感觉一直很悠闲多彩打工人表示只有羡慕份人家这种不上班的绝对不缺钱用的否则早要为生计奔波了悲伤
Sun Jun 13 15:25:36 +0800 2021,1630353687,hjaksyslyghdx2,好羡慕还和年轻弟弟谈恋爱
Sun Jun 13 16:02:42 +0800 2021,2142288425,香煎拉拉肥,不会生三胎那她前面两胎不管了吗只生不管好自私要么别生要么就好好养啊看这描述连看都不看孩子一眼吗双亲缺少任何一个真的会对孩子心理健康有影响的
Sun Jun 13 15:07:22 +0800 2021,7523020718,爷就是这样的小可爱,羡慕了这位姐妹也太厉害了
Sun Jun 13 15:07:53 +0800 2021,5834024531,红豆味鲷鱼烧,哦我的天我的梦想
Sun Jun 13 22:13:33 +0800 2021,1723261380,大绵羊BOBO,没上过班不知道啥滋味
Mon Jun 14 01:03:28 +0800 2021,1728438102,DreamMelody-,让我想起了年丢下上班快两年的工作出国读研的时刻真的是我年上班到现在状态最好心态最好心情最好有目标有冲劲有勇气的时间了也是颜值的巅峰可惜现在呢肉眼可见的老了裂开裂开心态也是又回到了出国前没有什么冲劲没有什么欲望的样子除了一些所谓的能力所谓的平台又得到了什么呢
Sun Jun 13 17:06:33 +0800 2021,5824159906,泡泡可以,看到这一段之前我都以为你在说杨咻咻
Sun Jun 13 15:35:01 +0800 2021,5765378903,小羊爱吃酱肘子,阴谋论谁呢不如把她身份证号报给你香喷喷流着油的肥猪肉香喷喷流着油的肥猪肉编的挺像
Sun Jun 13 23:45:50 +0800 2021,6048209351,我想叫Seesea,孩子怎么处理的您这边没有说明泪无法借鉴
Mon Jun 14 01:01:40 +0800 2021,6276549459,王二喜sunny,小羊你沸了你沸了
Mon Jun 14 02:56:50 +0800 2021,7036451196,彬彬子0619,也许有些人天生不适合上班裂开看到这句话居然差点流泪有些人天生不适合婚育有些人天生不适合异性恋有些人天生学不会阳光开心能量爆棚泪泪泪泪没什么大不了的对吧再也不想自责
Sun Jun 13 17:24:04 +0800 2021,1370523401,天天_1990_,我年的即使还在上班双休基本没加班不结婚有住房而且以后日子直接把房产租出去够正常生活的不用护肤品还每天熬夜现在眼角都没有一点皱纹哈哈
Sun Jun 13 18:09:25 +0800 2021,5313079098,今天的我开心了吗-,得了吧不上班根本不会这样不上班只留下了无尽的焦虑和失眠想找别人玩大家都在上班那时候在家待了半年每天睁眼到天亮一整夜整夜睡不着找到了工作上班真好微笑
Sun Jun 13 18:35:49 +0800 2021,7325031678,2Late,两个条件长期不上班积蓄足够支撑她一直长期不上班第二是重点
Sun Jun 13 15:02:03 +0800 2021,6228237136,Ching_xx,然后钱花完后呢
Sun Jun 13 14:54:38 +0800 2021,1881310900,16号月亮便利店,那之后的收入来源是啥这样的生活谁没想过呀没去做不就是因为钱没到位嘛
Sun Jun 13 15:21:45 +0800 2021,3969567738,喝一杯卡布奇诺吧,不是杠我就是想问一句我有钱我为啥要上班上班对于我来说如果目的是社交的话而不是赚钱的话恰巧我又不缺社交为啥不能不上班去做自己想做的事情那
Sun Jun 13 15:55:52 +0800 2021,2342043512,·犭苗·,说明她以前很优秀有办法搞很多钱光凭这个很多人已经无法跟她一样了更别说后面的事情淚
Sun Jun 13 14:48:16 +0800 2021,5992809925,林季子割我喉,新垣结衣结婚了
Sun Jun 13 21:14:27 +0800 2021,5514859611,黑头发老爷爷,人家是略有积蓄才不去工作大伙勿轻易效仿哦有人回去周游世界有人会在出租房躺尸而且时间一长就会觉得空虚这种生活方式不可否认很爽上限高下限低大伙懂吧谁都想把日子活成诗
Sun Jun 13 21:23:51 +0800 2021,1071184942,不想取名字的WWW,我也好几个月不上班了就真的睡醒了吃吃完看电视困了再睡日夜颠倒好像身体差了泪
Sun Jun 13 17:23:31 +0800 2021,3003252771,-迈麦子,我辞职了半个月再见前同事她说感觉我皮肤越来越好整个人精神焕发
Sun Jun 13 15:11:20 +0800 2021,3276004004,似无无梦爱旺仔牛奶,这样挺好的其实上班除非工作特别好不然赚不到多少钱
Sun Jun 13 22:27:16 +0800 2021,3199306715,七月的海和三号的树,长期不上班会导致什么后果我不知道我只知道上班会有什么后果全身上下的酸痛隔段时间会莫名其妙的发烧稍微吃的差点就会拉肚子长期的外界固定环境一变化就过敏电脑盯多了就抱着马桶吐到最后家里人受不了了通过关系给我换了个闲散部门现在拿着全单位的最低工资安心摸鱼了
Sun Jun 13 21:11:41 +0800 2021,1262884685,你那二尺一大脸,不上班第三年一旦发现消耗我情绪的人和事可以选择不接他的活灵活安排自己的时间错峰旅游节假日逆流工作虽然没什么漂亮的头衔但是自己开心太开心
Sun Jun 13 14:47:36 +0800 2021,2808413210,无糖甜饼酥,希望自己可以拥有我想要过的惬意人生拳头在努力
Sun Jun 13 21:27:04 +0800 2021,3767971991,你是土豆还是藕,不上班不工作无收入
Sun Jun 13 17:00:53 +0800 2021,7424025912,猫和老鼠超有爱,我也讨厌日复一日的工作
Sun Jun 13 15:33:43 +0800 2021,7419400522,魔法口袋中的ipad,每个人的性格都是不一样的有的人性格喜欢上班有的人不喜欢约束所以就不喜欢上班仁者见仁智者见智
Sun Jun 13 17:05:43 +0800 2021,2002644283,多多啵啵酱,不结婚也会年轻很多至少烦心事少很多
Sun Jun 13 23:26:47 +0800 2021,5253817976,Sakata,又开始洗脑了
Sun Jun 13 17:51:59 +0800 2021,5469105494,83-19,上二休二的我每天都很开心
Sun Jun 13 20:58:02 +0800 2021,5314161657,简爱yqw,首先气色绝对绝对会变好
Sun Jun 13 15:01:50 +0800 2021,1890997353,上等小仙女,啊啊啊啊球这张原图可怜可怜可怜可怜可怜
Sun Jun 13 23:05:59 +0800 2021,5590048746,一片冰心在玉鹅,这叫有一定的积蓄会有什么后果
Mon Jun 14 01:45:55 +0800 2021,6489862020,奶酪条和椰子还有大乌苏,要多想想我该怎样努力去积攒下我可以随时辞职的资本而不是更加厌烦现在的工作和生活
Sun Jun 13 21:02:47 +0800 2021,6607204590,-365个夏天-,我真的每天许愿要当包租婆悲伤
Sun Jun 13 22:06:52 +0800 2021,6281459045,超级大如意,这不是不上班导致的后果是有钱导致的后果
Mon Jun 14 02:15:12 +0800 2021,5192545147,Chillaxsworld,对我来说不谈恋爱才是
Mon Jun 14 00:45:05 +0800 2021,1779941275,inpeaya,可是不上班我就没有我没有我就不快乐失望
Sun Jun 13 23:55:36 +0800 2021,7384425588,岩盐芝士三分糖去冰加珍珠,靠我也想要和比我小但是脸和身体都很好的男生坠入爱河
Sun Jun 13 21:44:36 +0800 2021,2615658850,雪雪雪碧呀QuQ,不上班不等于不赚钱应该是这样
Sun Jun 13 21:35:55 +0800 2021,6070951375,一只日朋,是我我也是不上班每天都没有烦恼
Mon Jun 14 07:09:27 +0800 2021,3922156685,是珂不是柯啦,好羡慕啊每个人都有自己的生活
Mon Jun 14 01:53:36 +0800 2021,5230991339,你看我老实巴交,上班过程中必定会有很多不顺就算是个领导上面也必定会有地位更高的肯定会有惹一肚子气的时候但是对我来说上班最主要的目的一定是赚钱养活自己的但不是全部其实帮助自己找到社会价值服务社会也非常重要以上仅从我将从事的工作出发
Sun Jun 13 15:39:25 +0800 2021,7419399503,咖喱牛肉土豆粉,这样的生活是我每个人都向往的但是现实是残酷的它不允许我不上班
Sun Jun 13 15:07:21 +0800 2021,7225710905,是一颗鸡蛋仔,人活到老工作到老的啦哈哈哈
Sun Jun 13 23:21:55 +0800 2021,5708007053,神奇的温州树叶,我也是无法长期上一种班的人我会想要辞职和休息所以我真的很佩服体制里或者说外界能长期坚持一个岗位很多年的人甚至很多人学历高人也优秀但还是默默坚守在一个岗位上这种坚持让我真的很佩服
Sun Jun 13 15:21:39 +0800 2021,2815653463,我個仆街,电子月亮电子月亮
Mon Jun 14 07:21:58 +0800 2021,2184496467,椰子味的鲸鱼,这不就是我梦想中的生活吗这不就是我渴望已久的自由嘛去看这个世界里各个角落不同的人旅行看书电影星空和山海微风
Mon Jun 14 01:41:45 +0800 2021,3204926124,起什么名能搜到我,我也从未上过班那是因为我知道我有钱和被动收入大部分人看了这个内容放弃工作后果很严重
Sun Jun 13 22:50:33 +0800 2021,1677642815,aeonothing,我本人辞了职每天自然醒来九点多冲个咖啡做个早餐吃完去上健身课回来洗个澡下午出门逛街或者去咖啡厅做做方案去年想着去上个班吧上了不到一年整个人每天都买怀疑人生骂娘年初果断辞职不上班不坐班不等于不挣钱不上班挣得钱更多
Mon Jun 14 06:46:42 +0800 2021,1890758014,米米酱爱吃爱健身,有钱真的可以为所欲为
Sun Jun 13 22:39:11 +0800 2021,5170242965,我要做个小富婆-,是我感觉和身边同龄朋友都不在一个精神状态上我可太快乐了每天嘻嘻学街舞有时候瑜伽或者做做手工啥的
Sun Jun 13 20:50:14 +0800 2021,2359505237,海贼王Yyyyy,皮肤会变白变好真的之前亲身经历微笑微笑微笑
Mon Jun 14 08:39:06 +0800 2021,6443089939,沫沫明年不想考试了,别人说的不上班旅游丰富自我尝试新东西一些人理解的不上班宅着不和人交流脱离社会
Mon Jun 14 07:23:38 +0800 2021,5120728788,Dbehdvdjnej,放屁
Sun Jun 13 23:59:21 +0800 2021,2496880643,LostInNewWave,已经两个月没上班了摊手
Mon Jun 14 10:19:00 +0800 2021,2369951140,净淘红粒罯香饭,尤其遇上傻缺领导能直接给人整抑郁允悲我天天加班都快累死了傻缺居然说我工作没有积极性白眼
Mon Jun 14 08:54:49 +0800 2021,6367267289,转眼间已如烟,我家一直有套房子租出去的状态这两年没怎么放租就有个家人的好友跑来蹭住我在这边上班也住自己家这个阿姨就有工作但是不需要每天打卡每天和主人一样坐客厅边看电视边玩游戏作息不太规律有时候周末可以睡到下午又有时候很早起来去客厅放音响不把自己当客人的随意进出我房间拿东西
Mon Jun 14 06:27:31 +0800 2021,2250582460,过这村没这店老板娘,感觉不上班减不下肥允悲对说的就是我自己
Sun Jun 13 23:31:11 +0800 2021,2449644570,立青里立,每次遇到退休的同事都觉得她们起码比退休前年轻十岁不止
Sun Jun 13 23:17:32 +0800 2021,5519363548,伞角函兽,可是钱不会用完吗
Sun Jun 13 19:30:41 +0800 2021,2898008107,阿ko饿了就生气,休假差不多半个月和男朋友去长沙玩了真的这个人精气神都好了嘻嘻
Sun Jun 13 18:48:09 +0800 2021,5032079331,唉今天又吃撑了,惹怒了神明惹怒了神明长期不上班会导致每天都过得很快乐
Sun Jun 13 17:48:51 +0800 2021,2009863481,啊锥不是AJ,不上班真的开心
Mon Jun 14 09:51:01 +0800 2021,5295090302,HeyJennifer,这个真的分人我带薪在家办公就一直焦虑和抑郁生怕和社会脱节朋友都通勤哪里来的时间约别人看着上班的人朝气蓬勃为了工作拼命自己在家就像咸鱼一样一点点堕落尤其有伴侣的情况两个人不在一个频道上进步就会心理上产生落差
Mon Jun 14 07:05:47 +0800 2021,5315243445,Sun异能,上不上班无所谓但一定要有钱
Mon Jun 14 02:07:53 +0800 2021,2651548195,蔓蔓酱咯,噢一本正经的胡说八道噢一本正经的胡说八道
Mon Jun 14 01:06:44 +0800 2021,2942629690,遇见小六又一天,辞了职之后我太开心了胖了十斤好吧找新工作去了
Mon Jun 14 00:48:42 +0800 2021,1844508793,焦米日记v,长期不上班是非常爽但是爽到极致就是无聊我为什么如此矛盾熊猫
Mon Jun 14 00:15:41 +0800 2021,5690865841,蹦哩个嘀哩哒啦,我真的好羡慕我妈快退休了啊退休啊泪泪泪泪泪泪泪泪泪泪
Mon Jun 14 00:07:22 +0800 2021,2771950295,今天减肥吗没有,一天班没上过人懒做不到朝九晚五不喜欢约束目前混吃等死
Sun Jun 13 23:44:06 +0800 2021,5548780416,放学后是idol,不上班真的很快乐泪
Sun Jun 13 22:50:02 +0800 2021,2283932322,李十七Cherry,是啊自从辞职以后朋友都说我看起来状态很好
Sun Jun 13 22:37:22 +0800 2021,1957044645,o0Olafur,年马上也准备不上班啦
Sun Jun 13 21:49:40 +0800 2021,2568181327,璇不二子_,是真的我才两个月不长痘了大姨妈规律了能看得进去书和电影了有时间反思和整理自己知道想要什么了和最爱的初恋和好了准备奔着结婚去的一切都好起来了
Sun Jun 13 20:28:53 +0800 2021,5878418202,陪你火热,不冒泡泡了丨不冒泡泡了丨
Sun Jun 13 16:05:28 +0800 2021,3894722364,Wwwwwwander,
Sun Jun 13 15:21:03 +0800 2021,3650862403,性感的智慧发光体,直到青苔长出直到青苔长出
Mon Jun 14 15:27:18 +0800 2021,5313662367,一个梨y,心情顺畅皮肤变好世俗与我无瓜
Mon Jun 14 11:42:44 +0800 2021,2345627172,OrangeVenus,人家不上班能过得好的前提是足够好奇和自律换我的话估计就是每天在家玩手机吃外卖日落而醒日出而息生病
Mon Jun 14 11:27:43 +0800 2021,1781904235,晴晴晴晴晴空酱,所以和我想的一样长期不上班但有钱花会收获常人想象不到的快乐泪泪泪
Mon Jun 14 10:30:42 +0800 2021,5513812421,九酿小张,努力赚钱娶老田努力赚钱娶老田
Mon Jun 14 10:18:08 +0800 2021,5568244832,躲进月光里被浸没,不想上班
Mon Jun 14 09:59:02 +0800 2021,5343752598,168的大高个,我闺蜜疫情前半年辞职的负债五六万以后又回一个二线城市打工了允悲我跟她一样没什么积蓄真是轻易不敢去这么玩
Mon Jun 14 09:56:02 +0800 2021,1780162354,OoNnn1,周日工具周日工具理想生活了跪了
Mon Jun 14 09:22:02 +0800 2021,1927626832,BB_awszUU,什么后果简直发着光酸
Mon Jun 14 08:55:28 +0800 2021,6133802950,专气致柔BOY,选择自己能接受的然后勇往直前
Mon Jun 14 08:32:27 +0800 2021,2852526622,HelloAFei,耶耶耶耶哈哈哈哈哈
Mon Jun 14 08:25:28 +0800 2021,2813068797,是开心的宋宋吖,岩盐芝士三分糖加椰果岩盐芝士三分糖加椰果
Mon Jun 14 08:17:19 +0800 2021,5105783557,花痴本妹,我不上班可以永远躺着这也许就是区别吧
Mon Jun 14 08:15:04 +0800 2021,5129169206,cris罗二二,有钱啥都好说摊手
Mon Jun 14 08:14:46 +0800 2021,2878953831,是草莓味哈,红酒加果酱红酒加果酱
Mon Jun 14 08:07:18 +0800 2021,5456071544,宁宁BINGF,哈哈不上班真的是很爽
Mon Jun 14 07:41:59 +0800 2021,1827187960,陆生于_,我羡慕死辞职的同事们了每一个离职以后都玩了好长时间到处旅游而我不敢辞职也不是不敢只是不想接触新环境还在痛苦打工
Mon Jun 14 07:23:41 +0800 2021,1651993831,陈伟霆大大老婆,其实我还挺喜欢现在的工作当然如果找到不上班也能获得同等收入的机会当然是不上班啦竟然沒有找到喜歡上班的評論我喜歡上班可以體現自己的價值工作中不愉快的事可以鍛鍊自己的心理承受能力這些都是人生最珍貴的東西可貴的東西不是只有美貌和舒適
Mon Jun 14 07:19:55 +0800 2021,2421506494,a仓鼠妹,对我来说是焦虑
Mon Jun 14 07:18:23 +0800 2021,2502581227,做一只开心的阳,肥阿咩肥阿咩微笑
Mon Jun 14 06:05:15 +0800 2021,2396392155,yoyi_soleil,哈哈哈哈哈
Mon Jun 14 05:37:30 +0800 2021,6142730816,一颗小板栗吖o,我家小板栗吖我家小板栗吖
Mon Jun 14 03:24:24 +0800 2021,5797987909,我和我的影子散步-,大哥你说这话你都丧良心大哥你说这话你都丧良心
Mon Jun 14 03:09:30 +0800 2021,5281237170,_janezzz_,与你看岁月寒暑与你看岁月寒暑
Mon Jun 14 02:01:20 +0800 2021,5933894339,过宝宝宝宝宝,一条渣一条渣
Mon Jun 14 01:44:54 +0800 2021,3187697011,only-snow-self,哎呀你好高哎呀你好高我也想不上班
Mon Jun 14 01:43:02 +0800 2021,6404514306,我愿称之为永远的单身战士,我也好想要挣脱家庭的束缚拥有自己的自由
Mon Jun 14 01:35:18 +0800 2021,1797370463,MywINNErbeAR,真好
Mon Jun 14 01:25:39 +0800 2021,6284299725,狂狂人日记,懂了这就辞职
Mon Jun 14 01:19:43 +0800 2021,5038417550,阿帆aFan_,一脚一个骂人怪一脚一个骂人怪泪泪泪
Mon Jun 14 01:10:01 +0800 2021,5406431538,Florencezz,小张薰薰小张薰薰喵喵什么意思呢
Mon Jun 14 00:49:49 +0800 2021,2977914764,你的温柔像羽毛Baby,
Mon Jun 14 00:12:00 +0800 2021,2261766903,陈晓宽,尼玛的毒鸡汤
Mon Jun 14 00:06:56 +0800 2021,1566950233,cradleeeee,金桃呀金桃呀
Sun Jun 13 23:57:41 +0800 2021,2771950295,今天减肥吗没有,
Sun Jun 13 23:44:46 +0800 2021,3987164235,林梓梓梓梓梓梓梓,好羡慕
Sun Jun 13 23:43:57 +0800 2021,6180392170,一个夏天的美梦,有人建个不上班的群吗
Sun Jun 13 23:12:38 +0800 2021,5163401784,被迫营业ing-,
Sun Jun 13 23:10:07 +0800 2021,5647341606,咖喱蟹仔仔,从出生到此刻我还没上过班哈哈哈哈哈哈哈哈哈哈哈哈
Sun Jun 13 23:10:06 +0800 2021,3134588263,烤肉要蘸酱_,不上班会很快乐
Sun Jun 13 23:04:50 +0800 2021,6553397771,叻啊啦的啦,
Sun Jun 13 22:43:30 +0800 2021,2629538153,去吃一碗五谷渔粉,上班日常啊什么时候下班啊我要死了不上班日常今天吃啥今天去哪今晚几点睡
Sun Jun 13 22:20:44 +0800 2021,1817259660,甜甜小汤圆V,看了看银行余额和房贷车贷不上班只会让我更焦虑老的更快允悲允悲
Sun Jun 13 22:12:11 +0800 2021,5013996844,小王梓梓梓梓梓,泪羡慕了
Sun Jun 13 22:11:20 +0800 2021,3649234003,造好夢,煮南瓜的小土豆儿煮南瓜的小土豆儿我
Sun Jun 13 22:09:03 +0800 2021,5819537631,新想事成小猪宝,坐班的工作一年了胖了很多丑了很多不是自己不要好工作强度和领导的厚此薄彼各种掏空底层生产队的驴带我的姐姐和一起入职的姐妹都考虑离职了拜拜
Sun Jun 13 22:03:37 +0800 2021,5648213995,迷糊长长什么时候能不迷糊,乐游乐游
Sun Jun 13 21:44:06 +0800 2021,2172629087,阿诚柏海哥的小妹妹,对于我这种没毅力的人长期不上班可能会让我没有正常的作息允悲
Sun Jun 13 21:26:10 +0800 2021,3558253121,第一支利多卡因,我感觉我上班就是被剥削和压榨劳动成果被他人窃取了就像当年孙中山先生的革命成果被袁世凯窃取了一样心里特不是滋味所以也非常抵抗去上班职场确实难混各种牛鬼蛇神都有
Sun Jun 13 21:25:22 +0800 2021,2599469017,小周今天喝多了吗_,国际墩国际墩
Sun Jun 13 21:12:33 +0800 2021,2057558797,msdzd_,小毕小毕喜欢小毕小毕喜欢我可能是个例外
Sun Jun 13 21:06:38 +0800 2021,5370913124,今天好好刷牙没,我没有一个同学叫朱枫枫我没有一个同学叫朱枫枫
Sun Jun 13 18:09:40 +0800 2021,5690867738,苏馨,奈思酱奈思酱
Sun Jun 13 18:03:53 +0800 2021,2795826333,布丁奶茶去冰三分糖,茶加奶盖茶加奶盖
Sun Jun 13 17:31:02 +0800 2021,5320798088,大吉大利红红,琦琦爱上班琦琦爱上班
Sun Jun 13 17:01:01 +0800 2021,5763256093,喝蓝瓶的养乐多,我觉得得看是哪类人群
Sun Jun 13 17:00:30 +0800 2021,6573401926,是猫小印呐,我也想看电影
Sun Jun 13 15:11:37 +0800 2021,5235231261,哩唧璇同学,前提是有追求而不是家里蹲啦
Sun Jun 13 15:03:33 +0800 2021,1961999691,王小满岁岁平安,我也不想上班
Sun Jun 13 15:01:17 +0800 2021,3860806398,杜元宝r,美金美金
Sun Jun 13 14:49:43 +0800 2021,2151662640,爱笑的酷盖儿,希望我也可以过上我要的生活
Sun Jun 13 14:47:45 +0800 2021,6784198645,理气,理想的生活
Sun Jun 13 14:45:15 +0800 2021,1745374920,真不是小仙女,我的榜样
Mon Jun 14 08:59:44 +0800 2021,7472336985,紫丝带妈妈官方微博,请不要在这里误导大众或者编故事自现实中不上班的人我没有见过一个好的就算家大业大的富太太也一样都是时时刻刻处于警惕状态一个人不管男女一旦没有自我价值没有了对自我认可对他人没有价值意义的人你觉得能维持多久
Mon Jun 14 01:37:25 +0800 2021,1038337753,么么哒二锅头,好家伙我寻思着不上班会能导致什么后果呢
Sun Jun 13 23:43:58 +0800 2021,1786653501,程阅川,不上班就可以挣到更多的钱上班挣不到钱
Sun Jun 13 23:38:29 +0800 2021,2708027871,Fre_eya_aisy,这不就是游戏人生么费解费解费解不知道有什么好羡慕和鼓吹的传播点正能量吧
Sun Jun 13 22:32:14 +0800 2021,5243750620,我说少吃糖_,每天都会很开心吧想睡就睡想玩就玩
Sun Jun 13 22:20:31 +0800 2021,2640357283,雅米520,这么说吧大学毕业上班六年结婚了三年没怀孕辞职三个月怀了
Sun Jun 13 22:07:38 +0800 2021,1661540002,小顽童鸭,不错不错羡慕羡慕
Sun Jun 13 20:53:30 +0800 2021,2327744053,核桃壳和拇指姑娘,不上班才是真焦虑
Sun Jun 13 16:40:36 +0800 2021,5619669333,什么昵称才能符合我的气质呢,一本正经的说了一个一本正经有道理胡说八道
Mon Jun 14 17:51:56 +0800 2021,5389180399,繁花似锦之洋,没上班没钱了怎么办笑而不语
Mon Jun 14 16:48:06 +0800 2021,6569589642,孙悟熏V,自媒体等新兴产业的发展让这个理想逐渐变成的现实
Mon Jun 14 14:52:18 +0800 2021,6411906523,刘财务长圈养的猪,不停歇的上了五年的班这次终于因为情绪崩溃辞职又因为疫苗休息了个月整个人精神变好到处吃喝玩乐化妆做发型别提多快乐了泪主要是不再压抑自己了以前只知道努力上班拼死拼活现在学会享受生活了
Mon Jun 14 09:58:33 +0800 2021,2947631751,黄大懒儿,不上班不工作的没收入能否告知一下财富密码
Mon Jun 14 09:55:06 +0800 2021,3868958090,布丁核桃茶,笑了鸡汤看看就好然而真是情况是你会越来越焦虑越来越不安社交能力退化作息时间混乱我几个毕业不上班在家考公的同学都是这种感受
Mon Jun 14 09:42:16 +0800 2021,7563454868,寻找黑色信封,哈哈哈哈哈看到标题的我还忐忑的点进来以为是什么和社会脱节越来越堕落之类看完哈哈哈哈哈哈原来我的生活会升华
Mon Jun 14 09:19:19 +0800 2021,6194330014,小小墨呀-,这说的不就是我嘛
Mon Jun 14 09:00:59 +0800 2021,5323830320,Olivia-Benson,真是一碗毒鸡汤没钱怎么护肤怎么容光焕发呢有钱的上班也容光焕发二哈
Mon Jun 14 08:50:34 +0800 2021,2179847687,符朵拉,上班真的是让人老的很快
Mon Jun 14 08:24:36 +0800 2021,5314492970,每天八桶水people,导致人快乐
Mon Jun 14 08:14:10 +0800 2021,1924306817,冰冰反过来念还是冰冰,会导致自己越来越开心放松快乐和年轻
Mon Jun 14 08:08:17 +0800 2021,5384883958,-染赤樱,女人不工作等着被抛弃糨糊脑子想啥呢看着感觉就带不动哼
Mon Jun 14 07:54:29 +0800 2021,5194215084,Way_毛毛,虽然但是还是有底气有想法才能坚持下去我是说不上班污
Mon Jun 14 07:22:23 +0800 2021,1750533891,冷小燏,我之所以还在上班真的是因为穷不上班就没饭吃
Mon Jun 14 06:43:32 +0800 2021,5505061373,小不点儿儿,长期不上班的前提有积蓄
Mon Jun 14 06:30:03 +0800 2021,2178094780,兔牙有两个,要是有足够的积蓄我也不想上班泪泪不上班就没有烦恼没有烦恼就不没有压力就会很开心心态就好心态一好气色就好气色一号就越来越漂亮我是这么认为的真的很羡慕
Mon Jun 14 05:28:43 +0800 2021,7217425620,嗷嗷乱嘻嘻,艾玛真的吗
Mon Jun 14 04:03:06 +0800 2021,3172822512,关爱缺心眼仁仁有责,实话没上班的一年里我确实很穷但整个人变好看了很多很多虽然依然熬夜一脸菜色黑眼圈掉地上但是快乐是由内而外散发出来的跪了多年的朋友看到我都会觉得诶状态好多了当然现实是因为太穷现在准备上班了但现在上跟一年前憋屈着继续上肯定是质的区别重头来我应该也会这么选喵喵
Mon Jun 14 03:26:28 +0800 2021,5065934794,七宝琉璃宗宁荣荣,这不就是我吗喵喵老公打工我打老公我有工作投的医美医院股份但是我从来不管也不去每季度在家收钱
Mon Jun 14 02:42:39 +0800 2021,5181324888,日弥董事安琪,曾经朝九晚五上班的我现在不上班创业的我
Mon Jun 14 02:36:23 +0800 2021,5573374232,邢昭林的小铃铛梦梦,感觉我没啥区别
Mon Jun 14 02:29:04 +0800 2021,2305647314,行走的小麻袋,没钱都是个屁
Mon Jun 14 02:04:51 +0800 2021,6475619352,钱哆哆_cc,我了上班上三休六下班时间就在家里打打游戏睡睡觉高考结束前一天路上买东西遇到一个大姐把我当高中生问我是不是高三高考完了我就开学思考思考
Mon Jun 14 02:02:11 +0800 2021,7079576145,智取三木木,呜呜我票圈就有这样的人天天都在不同的地方玩羡慕但我知道是因为他们有钱允悲
Mon Jun 14 01:59:21 +0800 2021,5496909486,阿阳从不吃香菜,我只会越来越懒二哈我在家休息了一个月就不想上班了所以就辞职了二哈
Mon Jun 14 01:48:35 +0800 2021,7608009577,春色花店-,没钱
Mon Jun 14 01:40:00 +0800 2021,5684786565,-偏要吃兔兔-,三年没上班了
Mon Jun 14 01:19:06 +0800 2021,5713771631,--栗子張v,重要的是人家有积蓄
Mon Jun 14 01:18:36 +0800 2021,5271830177,倾繁鹿,为什么我感觉前面评论里的都是假人
Mon Jun 14 01:12:49 +0800 2021,5447792308,星倩_star,俺直接问问大家有什么好方法不上班就挣钱牛哞哞牛哞哞牛哞哞
Mon Jun 14 01:12:07 +0800 2021,5596320674,好有趣一人kkk,主要是月月光哪里有积蓄啊笑
Mon Jun 14 01:09:41 +0800 2021,1800143067,朹酒,是的不上班不上班就会一直不想上班草泥馬
Sun Jun 13 23:54:19 +0800 2021,7197073731,暮阳_002,不上班的第十个月已经逐渐社恐了
Sun Jun 13 23:53:28 +0800 2021,5628168963,迦玄夜,我就是
Sun Jun 13 23:52:18 +0800 2021,1891166905,Caroline-岑小北,心态好的话真的越来越年轻
Sun Jun 13 23:45:36 +0800 2021,5683080017,karry浪,羡慕微笑
Sun Jun 13 23:10:07 +0800 2021,7455906321,奶思籽籽,会导致我快乐太开心可爱可爱
Sun Jun 13 22:48:19 +0800 2021,2641669260,守护最好的文咏珊,生活在农村吗村里的碎嘴八婆背后怎么说她的跟不上她的红眼闲人怎么说她的她怎样做到无视这些的最重要的完了以后怎么过的她这个是我的梦想可我做不到她这样单纯想求教程
Sun Jun 13 22:14:05 +0800 2021,2310324377,曹小啦啦啦啦,心情舒畅神清气爽
Sun Jun 13 22:04:20 +0800 2021,1757072807,sysisb-lmx,相亲认识半年多他在外面工作我在老家因为异地所以辞职去到他工作的地方因为已经看好日子要结婚了去待二十天左右就回来办婚礼又在家待了快一月没事干两个人因为疫情没出去我没积蓄不上班两个多月了人都要抑郁了因为整天没出门在家待着很焦虑还要适应新环境新的人整天想太多
Sun Jun 13 21:49:04 +0800 2021,1834801285,大哥love小妹,这不就是我的梦想吗原来有和我一样志同道合的朋友可爱
Sun Jun 13 21:47:11 +0800 2021,2781285475,相国大人的铁粉,如果真的没有多少资产可以理财又没有富裕的父母帮衬的话还是建议上班的当然了如果是自由职业者例如设计师之类的那就另说了二哈
Sun Jun 13 21:45:57 +0800 2021,1608324675,是HH还是JJ,不上班不工作望周知
Sun Jun 13 21:26:44 +0800 2021,5904681453,专宠黄子韬,我也想不上班可惜没有钱允悲
Sun Jun 13 20:58:13 +0800 2021,3987217424,Andeve-,
Sun Jun 13 17:11:02 +0800 2021,7222374727,游戏开始没,更加懒懒散散的可能会社恐
Sun Jun 13 17:09:42 +0800 2021,7294693230,老鼠最爱甜甜圈,会导致跟不上社会的潮流
Sun Jun 13 17:08:55 +0800 2021,6519814263,多肉味旺仔牛奶,会对这个社会很陌生
Sun Jun 13 17:07:40 +0800 2021,7323682109,它们到底在干嘛,后果就是更加不想上班
Sun Jun 13 15:55:19 +0800 2021,6084269645,猕猴桃小猪崽,而我成了不上班但是每天躺在家里熬夜的老咸鱼
Sun Jun 13 15:28:37 +0800 2021,5261619422,热熔岩s_,我没上班一个多月了又穷又丑泪
Sun Jun 13 15:23:02 +0800 2021,2601443037,你的头上月明星稀,我感觉我不上班也没有什么追求只想玩玩玩
Sun Jun 13 15:07:09 +0800 2021,7420098301,七七七七草莓,会变得很懒自己一个人孤独
Mon Jun 14 16:00:52 +0800 2021,2002830351,Celeste--樱,认识一个姐姐得了癌症辞职后癌症好了我也得了一个医生判了死刑的神经上面的绝症辞职以后养生了十年好了上班时一天睡两三个小时好多的病都是没日没夜累的好多人说不上班没钱比起没钱没命难道不是更惨哪怕粗茶淡饭也得先保命不是
Mon Jun 14 15:11:11 +0800 2021,5283080172,下山崩塌,会快乐
Mon Jun 14 14:42:15 +0800 2021,5724544869,天边一片云彩h,我知道长期不上班就会越来越不想上班会颓废但是是真的爽容光焕发嘻嘻嘻嘻
Mon Jun 14 13:24:42 +0800 2021,5014820632,小景香菇,不上班但是工作被坑钱了之后默默怀念每月按时发工资的快乐不稳定的自由工作太容易被坑了泪
Mon Jun 14 11:41:28 +0800 2021,5705003431,就是不想理你呀,拜拜拜拜不能不上班尽情享受的人也犯不上酸人家毒思想每个人有每个人的生活方式你不能不代表别人不能
Mon Jun 14 11:06:35 +0800 2021,5605107707,菇娘994,其他工作也是上班
Mon Jun 14 10:46:14 +0800 2021,2970987320,JENNER8_,提前是要有积蓄或者家底吧允悲
Mon Jun 14 10:39:24 +0800 2021,1793757283,月半豆儿YoYo,小羊小羊属实是火了
Mon Jun 14 10:24:51 +0800 2021,3779525420,小Z_ww,
Mon Jun 14 10:15:22 +0800 2021,3610671883,睡着的大笨钟_,好特么毒的鸡汤不会真有人信吧吐
Mon Jun 14 10:05:29 +0800 2021,2882446072,摸魚靚仔,狠狠地羡慕了
Mon Jun 14 09:54:48 +0800 2021,5460458405,wink_我也不会,我怕变成下一个信小呆
Mon Jun 14 09:54:00 +0800 2021,3637145623,兜不住馅的蟹粉小笼包,
Mon Jun 14 09:42:26 +0800 2021,5827540313,小岑姑娘的小赵大夫,传播谣言蛊惑心智不成熟的人摧毁他人的人生且不用负责你会为你的言论付出代价身为大要为普通民众传播正确思维方式而不是引入歧途
Mon Jun 14 09:38:20 +0800 2021,1868354137,比萨斜躺,喜茶非官方代言人喜茶非官方代言人不上班就可以越来越年轻
Mon Jun 14 09:38:02 +0800 2021,1868354137,比萨斜躺,慕了慕了
Mon Jun 14 09:37:11 +0800 2021,1761522600,Z大xin好运顺利大吉大利,关注
Mon Jun 14 09:32:16 +0800 2021,2657202501,云芝多糖,是真的我妈就不上班我两出去玩经常被认成姐妹然后她同学聚会的合照永远都是她最年轻好看笑
Mon Jun 14 09:22:27 +0800 2021,2086106125,阿拉巴拉II,我也想过不上班的生活可我没有存款裂开
Mon Jun 14 09:21:28 +0800 2021,1747183053,不听摇滚的我,很不厉害的琪琪很不厉害的琪琪不止我一人这么觉得悲伤悲伤
Mon Jun 14 09:16:17 +0800 2021,5383092790,依崽漂流日记1,蜜思花蜜思花
Mon Jun 14 09:15:49 +0800 2021,1978199447,蹦猪Zzz,我也要越变越年轻越变越漂亮馋嘴
Mon Jun 14 09:11:49 +0800 2021,2802515564,周一的清晨还下着雨_,允悲允悲我觉得我不一样哎可能我没钱吧加上我自制力不强不上班就喜欢玩手机每天熬夜也起不来吃早饭不上班的时候身体很差上班之后气色都比之前好人也开心
Mon Jun 14 09:09:41 +0800 2021,2802515564,周一的清晨还下着雨_,还不是有钱啊没钱允悲允悲没积蓄不上班就是惨
Mon Jun 14 09:08:33 +0800 2021,3194033964,俞彬今天染了个头,梦想
Mon Jun 14 09:08:10 +0800 2021,7304542720,金俊勉线下女友不再低调,好厉害啊
Mon Jun 14 09:07:40 +0800 2021,1844871507,一只特立独行的猪via,凄凄惨惨嘻嘻哈哈凄凄惨惨嘻嘻哈哈
Mon Jun 14 09:07:26 +0800 2021,5451022306,李永欣de,年轻人就要将生活活成自己喜欢的样子
Mon Jun 14 08:53:54 +0800 2021,2716725983,Suekiee,请问有没有哪些工作自由职业泪
Mon Jun 14 08:51:50 +0800 2021,2589839227,五迷一枚丶,不上班可以但是要有技能自己挣钱啊不是辞职回家干呆着允悲
Mon Jun 14 08:51:37 +0800 2021,2381658192,叫我喜宝就可以了,这个真的就错了不上班有钱的话日子越过越好住豪宅开豪车但是你不上班就和社会脱轨了上班不上班还是有很大区别的我们周围很多真人真事眼界思想都不一样
Mon Jun 14 08:49:26 +0800 2021,2305034624,酒酿桃桃-,不工作没钱还房贷
Mon Jun 14 08:49:16 +0800 2021,5668280427,深归xy,二哈二哈二哈
Mon Jun 14 08:43:49 +0800 2021,1087593422,可有可无的网友加菲,那她是有能耐挣钱啊允悲
Mon Jun 14 08:40:08 +0800 2021,3092097495,那我就乖点吧,我岁目前已失业半年允悲允悲我想工作的但是多家公司听到我说已婚未孕就不请我好焦虑泪泪
Mon Jun 14 08:35:04 +0800 2021,5723630515,ym满是遗憾,
Mon Jun 14 08:34:55 +0800 2021,5723630515,ym满是遗憾,
Mon Jun 14 08:34:55 +0800 2021,5730787386,一小份羊羹,山根达斯山根达斯
Mon Jun 14 08:32:15 +0800 2021,3223718307,王先森爱跑步,我想起了锦鲤信小呆
Mon Jun 14 08:28:09 +0800 2021,5891270179,玲原水子,甜不啦叽甜不啦叽
Mon Jun 14 08:24:55 +0800 2021,6505827629,沐阿w,其实第一眼看完感觉非常不对劲并不是故事怎么样每个人都有选择的自由嘛只是想让这种观念成为主流是不是不太好再加上博主勉强也算长期不上班的一员是不是对现实的认知有些片面
Mon Jun 14 08:24:24 +0800 2021,2671920214,长蘑菇的龙小珞,一看就是编的毒鸡汤不会有人真信吧一百年都买不起房的人能有多少钱
Mon Jun 14 08:22:17 +0800 2021,5515164471,conan-66,美滋滋吧
Mon Jun 14 08:18:46 +0800 2021,6067915006,寿命超级加倍,这不是咪蒙么老百姓真的吃这一套么
Mon Jun 14 08:18:26 +0800 2021,2189455170,漪饲狼,我也想
Mon Jun 14 08:15:38 +0800 2021,7485789621,马曼琳真棒,不上班我怕被我爸妈骂到死
Mon Jun 14 08:15:24 +0800 2021,1981884905,阿阿阿吖-波啵,我也想成为这样的
Mon Jun 14 08:13:44 +0800 2021,5289389004,木木Rum,不上班那和无忧无虑有什么区别
Mon Jun 14 08:12:39 +0800 2021,2407424010,-ShinC,王的王的是你吗朋友
Mon Jun 14 08:08:54 +0800 2021,5709849253,数羊时间到1,展晴展晴
Mon Jun 14 08:08:50 +0800 2021,3893433316,沉默是今晚的景山公园,查無此羊查無此羊草
Mon Jun 14 08:07:11 +0800 2021,6284954267,菜菜酱YB_,的小蜗酱的小蜗酱
Mon Jun 14 07:59:34 +0800 2021,5167856244,一只6饭团,加油请抽
Mon Jun 14 07:56:03 +0800 2021,2638929792,文迪的秘密基地,我也这样干过去年疫情休了一年可是现在还得努力赚钱摊手所以姐妹们还是得想清楚我是那种必须卡里有钱才会有安全感的人虽然休息了但是没钱真的不快乐泪
Mon Jun 14 07:51:57 +0800 2021,3935988585,魏花花的小跟班,屁话汗没钱不上班吃土
Mon Jun 14 07:50:44 +0800 2021,1760708741,点不小-,长期不上班会导致什么后果这感觉太美妙了我这辈子都不想上班不上班不挣钱
Mon Jun 14 07:50:37 +0800 2021,5170594700,Strongsurge-,就是有副业不上班可以做自己喜欢的事情可以自己去给自己安排时间可以更多时间陪爱我的人
Mon Jun 14 07:48:12 +0800 2021,6179521196,吃货木又权,转给自己的
Mon Jun 14 07:43:52 +0800 2021,3083397391,皮卡皮卡soso,是快乐吗失望
Mon Jun 14 07:40:44 +0800 2021,2294750614,想早点下班不爱开会,我老公就不上班也赚钱
Mon Jun 14 07:39:25 +0800 2021,2704583030,狗狗狗狗闻嘘,有了奋斗目标希望下一个跟脸和身材都比较好的男生坠入爱河的是我谢谢
Mon Jun 14 07:33:16 +0800 2021,2653211874,破产加班狗的生活琐事,好的记住了这不是我梦寐以求的生活吗二哈
Mon Jun 14 07:33:02 +0800 2021,6129345528,苗苗mi,文文
Mon Jun 14 07:30:28 +0800 2021,5515743200,yzz_77,我就辞职了财务自由就可以不上班啊哈哈哈哈爽
Mon Jun 14 07:17:06 +0800 2021,6815824036,理智陈姑娘,相比一眼望到头的生活做自己喜欢的才最重要放过自己就得到人生的另外一个升华吧
Mon Jun 14 07:16:13 +0800 2021,6833637536,11Grace06,如果我有钱我也不想上班泪泪泪泪
Mon Jun 14 07:15:31 +0800 2021,6839202912,普通月光,长期不上班会导致什么后果没有钱
Mon Jun 14 07:14:45 +0800 2021,6839202912,普通月光,会没有钱允悲
Mon Jun 14 07:08:19 +0800 2021,5241312308,可乐熊猫_,挺好的故事分享结果编辑的整段话充满歧义怪不得这么多人骂你你脑子被羊鞭抽放屁了
Mon Jun 14 07:04:45 +0800 2021,1821207973,诶母糯特裤,会很快乐
Mon Jun 14 06:55:49 +0800 2021,2076879461,心禾水一,节奏带的心安理得
Mon Jun 14 06:51:22 +0800 2021,2657086021,白水煮_一切,穷
Mon Jun 14 06:45:27 +0800 2021,5239355987,怎么那么爱吃肉啊,刚辞职嘻嘻
Mon Jun 14 06:44:42 +0800 2021,3899579424,贝克街221B的保姆,越不上班越不想上班
Mon Jun 14 06:44:21 +0800 2021,3899579424,贝克街221B的保姆,两个月没上班越来越懒
Mon Jun 14 06:36:47 +0800 2021,6568023901,小锁头儿是金的,礼物这本书或许能帮到大家
Mon Jun 14 06:31:25 +0800 2021,1715709067,周是个猩猩,水果蔬菜多运动水果蔬菜多运动
Mon Jun 14 06:25:04 +0800 2021,3457535802,A肀erobics-西西,前提是有钱才可以
Mon Jun 14 06:19:42 +0800 2021,6294206003,斯齐哒哒蹦,裂开好羡慕可以有自己的生活
Mon Jun 14 06:18:31 +0800 2021,6661749308,-画里晴空-,长期不上班的不少人都自己创业了
Mon Jun 14 06:03:55 +0800 2021,2255350905,babettxxx,没钱的我在这里看什么走人
Mon Jun 14 06:02:24 +0800 2021,5977661510,是鱼贝贝呀,明白了
Mon Jun 14 05:19:30 +0800 2021,5254098202,八荒六合萌狐狸,辞职两三年的我虽然样貌没啥变化但因为作息不规律熬出了肠胃病裂开现在不得不继续吃药看医生想上班也上不了了
Mon Jun 14 19:03:50 +0800 2021,3930705705,Lllllliuhy,会很快乐
Mon Jun 14 19:02:48 +0800 2021,5806530931,·Iam6,今天也是努力生活的一天今天也是努力生活的一天我有钱就好了
Mon Jun 14 19:01:24 +0800 2021,3929384868,meteorhhhh,笑哈哈笑哈哈笑哈哈你这个屁放的有一点点的意思了加油小羊爱吃酱肘子小羊爱吃酱肘子每朵花最后都会谢但它们还是会拼尽全力开一次世卫关心你世卫关心你可是等钱花完了不就又回到了初始状态了吗
Mon Jun 14 18:57:40 +0800 2021,7199343055,可可可不可爱哦,
Mon Jun 14 18:57:31 +0800 2021,7524979799,三尖基连,人不能主观的回避社会责任失去交际环境因为自我是被赋予如果长时间脱离社会环境很容易出现解离性人格分裂虽然不是什么严重的神经症状但是会影响一个人的正常心理健康其实生命诚可贵爱情价更高若为自由故二者皆可抛这里的自由指的是精神的无拘无束而非现实生活
Mon Jun 14 18:53:17 +0800 2021,6262638773,今夜一起看海么,没才华没资金不上班我就饿死了允悲允悲
Mon Jun 14 18:52:13 +0800 2021,6325658196,1二3四5詹姆斯打老虎,这和我想象的不太一样啊
Mon Jun 14 18:51:52 +0800 2021,1785790394,悠美拾梦,转发微博
Mon Jun 14 18:48:40 +0800 2021,2176181730,特嗯蓉,不管上不上班在某一方面有一定的成长也是赚到
Mon Jun 14 18:48:39 +0800 2021,5637718406,长泽雅楠,惠惠放学啦惠惠放学啦
Mon Jun 14 18:47:28 +0800 2021,2714407890,市民黄小姐,周幼玍周幼玍别上班
Mon Jun 14 18:45:45 +0800 2021,1863890605,嘉宾呢,放假躺三天我精神状态都好了
Mon Jun 14 18:41:46 +0800 2021,3961272483,消费主义逆行者,干杯小脸脸干杯小脸脸
Mon Jun 14 18:40:16 +0800 2021,1863890605,嘉宾呢,陈赫前妻
Mon Jun 14 18:37:49 +0800 2021,3120411150,xdjtykx,不上班不等于没收入并不简单
Mon Jun 14 18:37:36 +0800 2021,7005602219,人鱼幽幽Roy,羡慕家里有矿的失望
Mon Jun 14 18:36:18 +0800 2021,2567098377,狐不悔-,会很爽
Mon Jun 14 18:32:12 +0800 2021,7108374241,爱打篮球的静广姗,对于有钱的人来说不上班当然是好的可以想做什么就做什么对我来说上班和不上班没什么区别都是在混日子过一天是一天
Mon Jun 14 18:30:10 +0800 2021,2704659971,想回到从前的样子,流浪汉一脸懵逼
Mon Jun 14 18:30:05 +0800 2021,1767918295,Haroobomi_21,多茶多柠檬多茶多柠檬
Mon Jun 14 18:29:09 +0800 2021,5419097725,呀我这个美少女,看来我
Mon Jun 14 18:27:02 +0800 2021,1426892857,鹏鹏best68,不上班不等于不赚钱只要不上班还在赚钱其他都不重要
Mon Jun 14 18:23:45 +0800 2021,6223735402,11_Youni和邓邓_djh,什么时候才可以不上班泪泪泪
Mon Jun 14 18:09:14 +0800 2021,5317799574,刘拉面ovo,是阿琪琪琪啊是阿琪琪琪啊迪迪畏迪迪畏
Mon Jun 14 18:07:09 +0800 2021,5608469732,-日落时悸动-,草莓真没睡草莓真没睡
Mon Jun 14 18:07:07 +0800 2021,2176545525,hhyesunn,方方土方方土哈哈哈哈
Mon Jun 14 18:05:41 +0800 2021,2176545525,hhyesunn,
Mon Jun 14 18:04:08 +0800 2021,6453361607,-YOUGUN-,会非常开心
Mon Jun 14 18:00:06 +0800 2021,7042038739,XXXISC,
Mon Jun 14 17:56:28 +0800 2021,6400319399,姜氏炒个饭饭,我觉得上班也不一定就是会老会烦我觉得我是一个喜欢每天和人打交道的那种性格不上班我会无聊死上班我每天有人一起吃饭一起聊天也很有乐趣
Mon Jun 14 17:52:11 +0800 2021,2652423502,想啥来啥CY,不上班不工作
Mon Jun 14 17:44:44 +0800 2021,1845241971,神经漫游海,倒霉的草酶倒霉的草酶想想在家怎么赚钱
Mon Jun 14 17:36:23 +0800 2021,3149279357,倒霉熊娃哈哈,主要是看自己想要什么
Mon Jun 14 17:35:48 +0800 2021,1600367793,凯撒大帝不是沙拉,允悲允悲允悲允悲
Mon Jun 14 17:30:41 +0800 2021,1807828407,侯思含的围脖Jia,太无聊了我这个人没有事业心没什么上进心女强人跟我就是两个世界的存在但是一辈子不工作老了回想自己是个一辈子游手好闲的无业游民我感觉生命存在的意义和价值都没有太无聊不太劳累拼命的工作但是每天有事做很充实就是我的理想状态现在的我就是这样
Mon Jun 14 17:30:31 +0800 2021,1566782535,你咋不尚天呢-SKT,真的是绝了我以为结果会是被社会遗弃了呢
Mon Jun 14 17:30:20 +0800 2021,7359490117,汪汪先生的喵喵,希望自己也能有随时放肆的时候现在作为打工人仍然要加油每年至少出门一次是对自己最大的宽容了允悲
Mon Jun 14 17:29:03 +0800 2021,5520227207,暴躁猪屁,
Mon Jun 14 17:28:55 +0800 2021,2831124521,halo无敌陳可愛,酸酸酸
Mon Jun 14 17:27:00 +0800 2021,3740398582,CJ晨嘉,
Mon Jun 14 17:26:12 +0800 2021,6179701683,听枫凝萱,回到原点回到原点
Mon Jun 14 17:22:20 +0800 2021,2292088187,苏格拉bottom,会导致我越来越不想上班二哈但是穷鬼又不能不上班
Mon Jun 14 17:22:09 +0800 2021,3518236741,酣月初六,现在上班的目的就是为了以后不上班只是有些人提前了二哈
Mon Jun 14 17:20:42 +0800 2021,2615418567,奇妙Thinker呤,当年不上班的我学识丰富爱好广泛下笔有神出口成章登得厅堂下得厨房心有大爱眼里有光心有所想随时行动爱你鲜花而长期上班导致我日益平庸泪除了强势和拖延没学着什么好允悲允悲允悲
Mon Jun 14 17:20:15 +0800 2021,2645295063,中二病哲人君,世界那么大好想出去看看
Mon Jun 14 17:19:42 +0800 2021,5717628837,生与气空,会导致心情愉悦
Mon Jun 14 17:17:23 +0800 2021,1673037974,Xxhaokan,这是最好的状态但更多时候是变得迷茫更加得过且过二哈比如我
Mon Jun 14 17:15:04 +0800 2021,3898376034,訸小喜,我也没上班好几年了有时间会去摆摆摊赚点零花钱之前在酒店上班熬夜班姨妈都不会来了然后就辞了现在姨妈正常脸色都比以前好了每天拼拼图画画日子过的也挺好
Mon Jun 14 17:12:02 +0800 2021,7128818094,唯爱汇源,醒醒了带亲
Mon Jun 14 17:09:32 +0800 2021,1737196877,_Fa1ry_,
Mon Jun 14 17:06:52 +0800 2021,6019479337,魏秋邻,说得好像谁愿意上班似的笑我当然知道不上班只管放松做自己喜欢做的事当然气色会好啊但也不是谁都有人养啊并不简单
Mon Jun 14 16:58:26 +0800 2021,5706751698,摈杂,我觉得我赚到除了固定资产外卡里有才能不上班吧允悲也不知道她不上班后怎么活的
Mon Jun 14 16:58:00 +0800 2021,1271858694,阿宇养的三只小猫咪,就是很漫无目的
Mon Jun 14 16:50:19 +0800 2021,2042994591,假装我是一朵花,不上班的第四年全职妈妈虽然有时候比上班累倒也自由
Mon Jun 14 16:48:27 +0800 2021,5958170520,超爱吃橙子啊,巨可爱小小苏巨可爱小小苏
Mon Jun 14 16:47:01 +0800 2021,6324550112,一颗甜桃啵啵冰·,大学毕业两年不找工作舒适的一批老师还催我找一边玩去吧让她太开心
Mon Jun 14 16:43:55 +0800 2021,1807101064,whateve-mr,你这只是一种情况更多的是作息不规律沉迷于网络与社会脱节严重到抑郁都有可能
Mon Jun 14 16:41:41 +0800 2021,2737002205,星月上映中,我本人了之前辞了工作在家虽然我知道现在上班就是为了上保险我保险也断着肯定还是要有收入和经济来源的就单说在家休息这一点我真的不焦虑不抑郁了真的之前辞职也是因为心情的原因别信别人说什么你就是在家闲的有工作什么都好了屁话累了是一定要休息的
Mon Jun 14 16:40:35 +0800 2021,5082969689,鲸落-Ocean,这积蓄肯定不少
Mon Jun 14 16:38:45 +0800 2021,6324550112,一颗甜桃啵啵冰·,后果就是很舒服作揖作揖
Mon Jun 14 16:34:49 +0800 2021,6389892351,掌上男友,不我一年没上班了很消极
Mon Jun 14 16:33:32 +0800 2021,6158170944,续白,说实在的会导致放松导致开心也会导致没钱导致娶不到老婆
Mon Jun 14 16:30:16 +0800 2021,6368180000,滚滚的猪宝宝,我的梦想单身狗
Mon Jun 14 16:24:12 +0800 2021,1763971800,哥斯拉你说话呀,我放假可能就在家瘫着了
Mon Jun 14 16:17:49 +0800 2021,3996171559,内蒙你东哥,毒鸡汤
Mon Jun 14 16:16:19 +0800 2021,2023624157,缃缃s,长期不上班我应该会长蘑菇允悲流沐纾岚流沐纾岚
Mon Jun 14 16:13:31 +0800 2021,6517814028,lulucat6699,首先要有足够的钱
Mon Jun 14 16:08:56 +0800 2021,3607164487,未迢,日日但凡我卡里有十万我都不上班
Mon Jun 14 16:08:31 +0800 2021,6472232445,Krystaldarling,哈哈哈哈我就是长期不上班的人但是打零工又没有业绩压力又有小钱赚休息时间又多现在可以健身可以拍照可以随便去玩
Mon Jun 14 16:06:34 +0800 2021,1757568035,share_执着于伊函,魔妃殿夏魔妃殿夏
Mon Jun 14 16:04:35 +0800 2021,7465476878,銀河系49887,會沒錢
Mon Jun 14 16:02:36 +0800 2021,1799832405,续絮缨,笑死伊伊伊伊伊伊轩伊伊伊伊伊伊轩
Mon Jun 14 16:01:04 +0800 2021,3852446601,龙仔很忙啊,长期不上班算个屁又饿不死那些欠着几十万饥荒还长期不上班的人才是最厉害好吧反正没钱就先不还了万一幸运的话哪天死了就不用还了挖鼻
Mon Jun 14 15:59:47 +0800 2021,5632347597,暴暴彬彬,什么叫学会看书汗汗汗汗
Mon Jun 14 15:56:33 +0800 2021,3391704034,小白_Yolanda,一颗小小糯米一颗小小糯米
Mon Jun 14 15:54:20 +0800 2021,7477606108,星痕丶丶丶,最毒鸡汤
Mon Jun 14 15:54:19 +0800 2021,5534283281,牛肉馅的汤圆,两年没怎么工作明天就是喝酒玩儿前阵子觉得太颓废就找了份工作后来还是觉得不工作好又刚好被裁了哈哈哈哈于是乎我接下来半个月计划是游泳馆密室剧本杀天台派对法式料理温泉纹身舔屏
Mon Jun 14 15:47:22 +0800 2021,2269759797,内心住着段子手的_文艺小猴子,长命百岁
Mon Jun 14 15:45:17 +0800 2021,7295982022,温柔是人间宝藏o,我从不上班都是在家美美容理理财我男人会养我给我钱
Mon Jun 14 15:45:10 +0800 2021,2318382973,台湾最奶体育生,我就是后年轻弟弟二哈
Mon Jun 14 15:37:53 +0800 2021,3733820095,0小小边0550733946,不上班感觉不是很好虽然有点收入
Mon Jun 14 15:37:40 +0800 2021,1742206533,我今天必须吃火锅,失业快一年了感觉是一方面想上班另一方面又害怕上班
Mon Jun 14 15:33:01 +0800 2021,6380522587,北大落说大片,转发微博
Mon Jun 14 15:31:36 +0800 2021,5435944021,陈文瀚的瀚,
Mon Jun 14 15:29:08 +0800 2021,1893399031,-Xingyu-YoYo,那你别上班了吧有几个人不上班后会有这种状态
Mon Jun 14 15:28:42 +0800 2021,7361560854,平淡幸福678,不用买房买车吗小羊爱吃酱肘子小羊爱吃酱肘子
Mon Jun 14 15:27:56 +0800 2021,7361560854,平淡幸福678,这端午节的热搜是越来越奇葩尖锐了又是近视手术又是工作
Mon Jun 14 15:26:52 +0800 2021,7361560854,平淡幸福678,不可能没有生活来源除非买股票赚钱要不然会饿死
Mon Jun 14 15:26:19 +0800 2021,1619783477,Miaaa呀,丞哥小表妹爱威少丞哥小表妹爱威少哈哈哈哈你可以的
Mon Jun 14 15:23:43 +0800 2021,5543505575,一大口冰激淋,做梦都想的事儿
Mon Jun 14 15:21:15 +0800 2021,2177599182,长期停退,转发微博
Mon Jun 14 15:19:25 +0800 2021,3913786838,天啦噜123kx,我不上班一年半反正抑郁倾向是治好了
Mon Jun 14 15:18:14 +0800 2021,7471254040,我回来啦987,会很开心不上班脱离社会不上班时间自由意愿自由
Mon Jun 14 15:17:09 +0800 2021,5893787552,柚子呀66,不上班第二年期间怀孕生了个娃生了娃以后日子太充实了
Mon Jun 14 15:06:59 +0800 2021,2566418010,吃猴面包树叶的羊,猴猴面包树猴猴面包树
Mon Jun 14 15:05:09 +0800 2021,1854756362,erjietou,看书还要学
Mon Jun 14 14:59:05 +0800 2021,6316365582,小布画家,辩证角度看待上班有好有坏牺牲时间有压力但是能独自生活有个人的社交圈
Mon Jun 14 14:51:22 +0800 2021,1877597925,__八九___,为啥这种人都是朋友集美没有本尊出来讲呢讲不上班不工作大家都别上班了照样有钱花多开心总觉得哪里讲不通呢还是说来钱的方式大多数不可复制不可摆到台面上啃老啃男女友
Mon Jun 14 14:51:05 +0800 2021,6366254391,阿锶Sylvia,满足自己活成自己想要的样子才是人生的意义呀
Mon Jun 14 14:48:01 +0800 2021,2864631353,徐大清-,
Mon Jun 14 14:47:31 +0800 2021,7457752384,彩色爱情片,我两年没上班了平时就炒炒股做做饭几乎每天健身现在身材好了脸也年轻多了觉也睡得香了
Mon Jun 14 14:46:10 +0800 2021,1878589174,春春春哩,没有工资会焦虑
Mon Jun 14 14:44:31 +0800 2021,2692460254,這裡是小圓臉,芦花鱼大魔王芦花鱼大魔王一起辭職吧然後環遊全中國
Mon Jun 14 14:39:35 +0800 2021,2663203362,瘦到九十斤再改昵称,我不上班没钱
Mon Jun 14 14:37:50 +0800 2021,3613633642,著名男麻花,忘记该怎么上班了顶
Mon Jun 14 14:34:33 +0800 2021,2657380554,玥_Popeye,
Mon Jun 14 14:32:37 +0800 2021,3975901071,薄荷·蓝,长期不上班适合有自制力并且对自己有追求的人可以有更多时间去追求更深层次的需要如果是咸鱼长期不上班估计会让人嫌弃吧
Mon Jun 14 14:31:06 +0800 2021,7506241283,伊伊而已,活法有很多种就像冰淇淋也有很多口味你只是从牛奶味换成了草莓味偷笑
Mon Jun 14 14:29:37 +0800 2021,2169846751,心J一,我也不想上班只想财务自由提前退休
Mon Jun 14 14:28:13 +0800 2021,1651590652,MissMissMiss_艺,长期不上班会导致什么后果首先不上班不等于不赚钱不做事情然后皮肤会变白变好疯狂掉头发情况好了很多混吃等死真的快乐社恐患者感觉找回了自我牛哞哞
Mon Jun 14 14:26:36 +0800 2021,6054852999,小文童鞋哟,毒鸡汤
Mon Jun 14 14:26:01 +0800 2021,5680604111,伟大的英特纳雄耐尔,我的积蓄足够我潇洒两年笑毛十万样子笑
Mon Jun 14 14:23:49 +0800 2021,3309213464,折断的樱桃梗儿,不上班的第二年说不出的快乐和自由
Mon Jun 14 14:22:28 +0800 2021,2695300127,丫青衣谣,长期不上班真的会导致跟人与人之间的交流有沟通障碍与社会有点脱节
Mon Jun 14 14:22:14 +0800 2021,2009563415,凉山雪月梨花落,天天睡到自然醒会胖总想着明天不用上班会熬夜玩手机追剧会掉头发
Mon Jun 14 14:16:25 +0800 2021,6092297500,南粉樱花,做了我一直想做的事
Mon Jun 14 14:11:22 +0800 2021,7101312175,听荷之夏,看到热搜点进来纯新鼓掌
Mon Jun 14 14:11:21 +0800 2021,1770380601,YI大大二大大,只想活在当下只想活在当下
Mon Jun 14 14:10:44 +0800 2021,1874559703,8行行摄摄8,没钱我就一年没上班了而且还在失业中泪
Mon Jun 14 14:10:36 +0800 2021,5598141546,Evillllllllllllllllllllll,四年不上班了
Mon Jun 14 14:10:28 +0800 2021,5800230499,西兰Kelly,相比职场的难我更承受不来没有工资没有安全感我不会不上班的
Mon Jun 14 14:08:02 +0800 2021,7397053020,Roadster34012,前提是你要有那足够钱
Mon Jun 14 14:07:11 +0800 2021,2729869320,冬天没有暖气嘤嘤嘤,会导致我天天开心神采奕奕生龙活虎
Mon Jun 14 14:05:43 +0800 2021,1939060341,十八线过气小顽主,年毕业到现在就没上过班自己做生意年收入天天在家打游戏吃了睡睡了吃想买什么买什么想去哪玩去哪玩人都要废了现在打算去某新能源造车公司上班给多少钱无所谓主要是为了接触社会接触人
Mon Jun 14 14:03:27 +0800 2021,7517085569,欢迎光临123,长期不上班又没有经济来源和能力只能像我一样变得越来越懒越来越认知低下越来越没有朋友越来越依靠亲人的经济救助越来越觉得活着没有自身的价值总之越来越觉得自己活得不像个人像个低级动物而已允悲允悲允悲
Mon Jun 14 14:03:20 +0800 2021,5843679919,王子王子大王子,我的积蓄告诉我我不配允悲允悲允悲
Mon Jun 14 14:00:27 +0800 2021,5216282520,见我请让我滚去看书,不卷了我走哈哈哈哈浪迹天涯真好
Mon Jun 14 14:00:04 +0800 2021,2713178751,素颜Sally,去学那么多东西又去旅行没有钱根本不现实啊
Mon Jun 14 13:55:52 +0800 2021,5972087988,霜序之拾捌,无语啦怎么这么困无语啦怎么这么困人家心动了
Mon Jun 14 13:53:32 +0800 2021,3888745526,swag大哈哈,小周要做开心的大人呢小周要做开心的大人呢毕生梦想就是不上班
Mon Jun 14 13:53:01 +0800 2021,2784067533,退休大虾,同比长期不上的也有沉沦的
Mon Jun 14 13:48:05 +0800 2021,1881527075,葬在风中的蝴蝶,这只是家庭无负担的情况下而已证明她来自小康或以上的家庭且有一两个技能足以支撑做自由职业者要是家里有什么大病或者没退休金还会不会到处寻找生活质感
Mon Jun 14 13:44:33 +0800 2021,6155498044,与这个世界逆行,不上班年了穿着睡衣在家办公确实越来越年轻就是得多出去晒太阳运动要不会发霉了
Mon Jun 14 13:43:34 +0800 2021,1654378050,My_Appreciation,典型的幸存者偏差案例看看就好没有什么借鉴且极其不推荐这种做法因为大环境下大比例的人依然是那种不上班后就会生活不规律身体心理每况愈下百害无一利博主想表达自己对那个姐妹的羡慕和崇敬建议不要用长期不上班话题来引导会误导很多人个人见解吃瓜
Mon Jun 14 13:40:25 +0800 2021,1036265075,冰儿197211,羡慕这样的生活
Mon Jun 14 13:39:18 +0800 2021,2397251367,子不鱼子不语,保护我方小番薯保护我方小番薯就想你
Mon Jun 14 13:38:15 +0800 2021,5382976554,一只倪两只倪小小倪,泪泪
Mon Jun 14 13:36:42 +0800 2021,1793593461,CHENJINGJING96,要不是没钱谁想上班呢喵喵
Mon Jun 14 13:36:29 +0800 2021,5511947121,金色的果汁,总得活着呗怎样都是活着
Mon Jun 14 13:35:43 +0800 2021,5315986313,子文的小蘑菇,随便工作就想上
Mon Jun 14 13:35:18 +0800 2021,6531153146,23龙炎鑫78,又在骗我不上班
Mon Jun 14 13:29:53 +0800 2021,2105982944,金芭比的金韩彬,老板老板我要辞职
Mon Jun 14 13:28:12 +0800 2021,5511842639,红尘流年jyl,长期不上班会导致更不想上班了感觉歇着真爽
Mon Jun 14 13:21:51 +0800 2021,2875452842,五分钟后go,我过段时间也要辞职我啥也不想干了赞也不要干了
Mon Jun 14 13:20:59 +0800 2021,6352519912,篮球我想打教练w,五分钟后五分钟后
Mon Jun 14 13:17:31 +0800 2021,1883870614,Barbie_k,长期不上班的后果就是太舒服了导致更不想上班了允悲
Mon Jun 14 13:17:05 +0800 2021,5247581473,橙子成呀cc,这位博主你可真心虚打心底眼里看不起你这一条兔子
Mon Jun 14 13:17:02 +0800 2021,6495885820,神经交叉,前提是有钱
Mon Jun 14 13:16:19 +0800 2021,5751028774,liuiuyl,不上班就是没哎
Mon Jun 14 13:16:11 +0800 2021,7546489717,蜜桃味的月亮碎片,必须有一定的成本基础和勇气
Mon Jun 14 13:15:55 +0800 2021,7608403605,飞啊飞啊飞起来了,我不上班的时候每天都很懒并且很不自律熬夜吃外卖白天躺一天笑笑虽然很舒服但是很废
Mon Jun 14 13:12:00 +0800 2021,5543543175,温柔的河松,快乐加倍
Mon Jun 14 13:11:03 +0800 2021,5598944692,布达拉特皮,她的两胎孩子怎么考虑的
Mon Jun 14 13:10:49 +0800 2021,1278557062,三只小灯与神猪,西唷哟西唷哟
Mon Jun 14 13:09:57 +0800 2021,7374174656,菠萝味的宋村村,会导致上班过敏
Mon Jun 14 13:07:04 +0800 2021,6031659434,策骑往东zzz,未老莫还乡的未老莫还乡的
Mon Jun 14 13:04:13 +0800 2021,2100045203,幸福的猫咪l,现在有很严重的职业性焦虑症不想上班
Mon Jun 14 13:01:11 +0800 2021,6056558455,雄赳赳气昂昂GG,长期不上班会导致什么饿死
Mon Jun 14 12:58:11 +0800 2021,7350039668,杨瓜丝,胡编乱造
Mon Jun 14 12:57:45 +0800 2021,2296163877,花开自在岁月静好,不上班副作用太大慎行比如身体好了人豁达了人生目标清晰了家庭关系和谐了最后都长寿
Mon Jun 14 12:55:48 +0800 2021,2473761167,大娟子juanjuan,老公说你不知道自己几斤几两吗
Mon Jun 14 12:53:37 +0800 2021,2113558985,许光憨,微博是给人洗脑的吧
Mon Jun 14 12:45:23 +0800 2021,6436185571,废土黄昏,
Mon Jun 14 12:44:48 +0800 2021,2149092097,Tarnival,笑
Mon Jun 14 12:41:38 +0800 2021,6301471569,桐月焱,就业季不知道说啥愿大家都好吧诶凑够十五字转发增加一下热度
Mon Jun 14 12:40:46 +0800 2021,6331425265,热衷于思考生活的大智哥,毒鸡汤不适合大多数的人
Mon Jun 14 12:38:58 +0800 2021,5630319183,Afriny929,不上班的话忙活一些有用的事情还好就想着宅在家玩有些这种的就是残废了
Mon Jun 14 12:38:53 +0800 2021,5671740352,我的心情我做主Yu1997,这社会没钱寸步难行没钱一切白扯生活是现实的
Mon Jun 14 12:36:32 +0800 2021,5852521501,咕咕咕的小个子,可能会让你觉得生活都是光只要不涉及金钱
Mon Jun 14 12:33:58 +0800 2021,2889326911,磨人的小静,脸和身体都好的男生二哈二哈二哈污污污污
Mon Jun 14 12:30:33 +0800 2021,5775947133,baby-hei,忽悠一百年买不起房的积蓄能支撑你过不工作还特逍遥的日子
Mon Jun 14 12:28:55 +0800 2021,7388240342,nmhtttd,忌毒鸡汤腐蚀内在动力
Mon Jun 14 12:28:21 +0800 2021,1616728495,todomesalebien,希望你岁的时候再针对这条微博发表一次感想
Mon Jun 14 12:26:19 +0800 2021,2546559524,YCIYCIYCI,
Mon Jun 14 12:24:31 +0800 2021,5527457466,天蝎宝宝巨蟹妈妈,博主靠这种易产生歧义的话题博眼球让人误以为不上班没收入也能潇洒度日却又内藏不上班不赚钱的表述自相矛盾怒三观三观尽碎哼
Mon Jun 14 12:24:01 +0800 2021,2912361075,MYIkey,白雪碧白雪碧
Mon Jun 14 12:19:51 +0800 2021,1769143157,萬元元元元元元,奥特曼大娘奥特曼大娘感觉上班真的消沉
Mon Jun 14 12:18:56 +0800 2021,6355159630,古德拉克叻,跪了跪了跪了慕了想当那种包租婆只管收房租就好了
Mon Jun 14 12:17:04 +0800 2021,2139522062,年少不渡,每个月房租收一下就好几万了吧
Mon Jun 14 12:14:32 +0800 2021,6250673531,一串数字是水军的标配,别拿别人来说了就说说你自己吧既然不上班那么好你干嘛还要上班如果你已经不上班了可以拿你自己做例子来聊聊
Mon Jun 14 12:12:57 +0800 2021,5754031340,是乃淇琳捏,会很快乐
Mon Jun 14 12:12:00 +0800 2021,2252026343,wenwenwuni-,薇薇薇薇
Mon Jun 14 12:09:11 +0800 2021,5290703560,芋阿阮,那个没有括回来的括弧逼死强迫症重点错
Mon Jun 14 12:08:37 +0800 2021,7553408788,露露啊202109,真是上班上的够够的天天累死甚至想身体哪不行了就在家歇个一年半载的可是又想想没存款家里也没条件以后多么难
Mon Jun 14 12:07:04 +0800 2021,5482435681,我竟然找不到一个合适的昵称,毒鸡汤喝多了
Mon Jun 14 12:06:10 +0800 2021,1806496864,养阳痒,不上班怎么炫富给大家看哇哈哈哈哈
Mon Jun 14 12:05:10 +0800 2021,5558823371,小鬼嚼豆子,上班一年存款只有几千块请问我可以这样升华一次吗悲伤
Mon Jun 14 12:04:15 +0800 2021,5625539709,奶糖纯,有些人天生不适合上班泪我本人了
Mon Jun 14 12:02:48 +0800 2021,5363492054,moliyanyan,除了退休了不上班也能挣钱就是自己当老板了自己创业了效益还不错浪浪给力给力赞赞小羊爱吃酱肘子小羊爱吃酱肘子确实有些人不上班但是也在挣钱杰瑞不上班的第五年爽翻了不上班不工作
Mon Jun 14 11:56:16 +0800 2021,6088481311,炒饭再加个蛋,你只管努力其他的交给体彩笑而不语
Mon Jun 14 11:56:12 +0800 2021,1784616835,地星体验官,间隔年等等我马上来
Mon Jun 14 11:52:39 +0800 2021,5312237322,很久以后的某一天,长期不上班得有强大的内心和可靠的家人然后就是每天很轻松想干嘛就干嘛但是自己也要把每天的吃饭饮食照顾好然后就可以啦挤眼
Mon Jun 14 11:52:18 +0800 2021,2160625421,洋carol,长期不上班会导致什么后果我只知道我不上班的时间里都是越活越开心每天无比充实有更多的时间发掘兴趣爱好做自己想做的事我大概就是那个天生不适合上班的人熊猫
Mon Jun 14 11:52:19 +0800 2021,7327750712,通通妈妈要温柔,一时不上班一时爽一直不上班一直爽
Mon Jun 14 11:51:38 +0800 2021,2693477463,俸俸伲购美病,一年不上班就把长期的胃病调理的差不多了胸闷胸痛也消失不见了之前去体检说是心肌劳损
Mon Jun 14 11:50:48 +0800 2021,1927527200,ZZANG愛心菠蘿MEET競,國外畢業回來上了三年班但也沒停止掙錢不上班的前提是你或愛人有掙錢的能力不需要去坐班並不是說不上班就只顧著玩樂享受確實我也活得很快樂輕鬆別人都以為我後不上班沒什麼太大壓力加上自己可以做自己喜歡的事情是會讓人越活越年輕有車有房有家庭需還房貸幾百萬還好老公能掙錢
Mon Jun 14 11:47:41 +0800 2021,1298619861,也森2008,照顾两个孩子辞去工作真的很累没有自己的时间和空间还变得不自信眼睛没有光情绪还焦虑了
Mon Jun 14 11:44:17 +0800 2021,2869552394,三_嘿皮,越来越漂亮吧我是老师因为甲状腺手术失声了请假了一学期每个人见我都说我精神面貌越来越年轻我自己也觉得有变漂亮
Mon Jun 14 11:42:49 +0800 2021,1163718647,简称阿林,躺着没什么错啊选择不同嘛
Mon Jun 14 11:41:03 +0800 2021,2134477031,孙亮不是狗13,我就不上班感觉很好可以安心做自己的事情
Mon Jun 14 11:40:52 +0800 2021,5592448110,奇妙少女xxx_,有积蓄还可以自由职业就好了
Mon Jun 14 11:39:37 +0800 2021,1761385670,大神kiki,我来回答不上班之后整个人都开心轻松了人也瘦了漂亮了年轻那是不在话下得过且过吧开心一天是一天
Mon Jun 14 11:34:13 +0800 2021,2843192051,GY谷杨朦着眼睛,未来社会的趋势就是自由职业去中心化职场所有人都是合伙人收益共享风险共担
Mon Jun 14 11:33:15 +0800 2021,5723383289,可爱小核弹,能升华的是小小部分大部分可能都跟社会脱节了吧
Mon Jun 14 11:31:13 +0800 2021,3054525661,白鲨皮,看到这个话题我就想说会变得快乐快乐且快乐会变成自己
Mon Jun 14 11:29:36 +0800 2021,5375944269,刘小源爱吃马卡龙,爱吃肉的大脸猫爱吃肉的大脸猫
Mon Jun 14 11:29:33 +0800 2021,7458221714,茄汁呆桃,会非常快乐
Mon Jun 14 11:28:24 +0800 2021,3210312304,洛大大大米,在说我会找到快乐星球笑笑
Mon Jun 14 11:27:31 +0800 2021,5390798605,ue来自火星,说得很好很对可是我没有积蓄支撑我长期不上班出去浪这才是重点不然你以为我会天天在窗口点不属于我的钱泪
Mon Jun 14 11:26:01 +0800 2021,5833607394,爱吃肉的鬼鬼伢,陸念陸念
Mon Jun 14 11:21:33 +0800 2021,2659762041,手术刀SEVEN,这次种版本里最高光的一个赞
Mon Jun 14 11:20:05 +0800 2021,6194256521,我厂第一打野,
Mon Jun 14 11:17:28 +0800 2021,5504090475,cailelelele,真不好意思点破你们大部分不上班还是躺床上哪都不想去吧
Mon Jun 14 11:17:06 +0800 2021,3297715121,傻到飞起的吴半仙,不上班还能挣钱的好说但是不上班又不挣钱的读这么多年书心里过得去吗
Mon Jun 14 11:14:40 +0800 2021,5086968024,徐徐徐ttt,长期不上班的我天天带个娃像个神经病更是个穷鬼
Mon Jun 14 11:14:36 +0800 2021,2813257832,比我对你更好的人,允悲我妈几乎没怎么工作过但是她同时在挣钱人家又有钱又有时间多少人羡慕的生活啊她现在也不打算工作了带带孙吧她说打牌还是输以前输了不少人家输的起啊有实力啊她就没有靠我爸可以自立门户我也想和她一样悲伤人家做生意投资有底气年轻人压力又大好难啊
Mon Jun 14 11:13:24 +0800 2021,1255049845,平平无奇怼人小天才2021,没办法才上班有钱谁想上班呢吃瓜
Mon Jun 14 11:12:20 +0800 2021,2803805144,AreYouKiddingMe--,小鲸鱼吨吨吨小鲸鱼吨吨吨离退休又近了一年
Mon Jun 14 11:12:16 +0800 2021,6424852842,我要去找月亮了--,这不就是我的理想生活状态
Mon Jun 14 11:11:52 +0800 2021,6424852842,我要去找月亮了--,抹茶味的太阳呀抹茶味的太阳呀
Mon Jun 14 11:11:05 +0800 2021,3976992496,li0641hang,小年轻人生经历有限大部分还没来到人生黄金分割点很多看法都是一叶障目而不见泰山等吧等到了一定年龄自然什么都了
Mon Jun 14 11:10:53 +0800 2021,2030595395,LQFC888888,可惜我不上班近年天天熬夜的显老又皮肤差裂开
Mon Jun 14 11:10:53 +0800 2021,6021017395,西蒙红脸喵,国庆七天长假放的都抑郁一说要上班整个人也年轻了也漂亮了也来精神了可能这就是人和人不一样的地方吧
Mon Jun 14 11:10:49 +0800 2021,6197375583,曼Max,别人我不知道我就知道我不上班会饿死
Mon Jun 14 11:09:19 +0800 2021,5587132278,SmileTok,我的内心毫无波动因为我没钱
Mon Jun 14 11:09:12 +0800 2021,3554701403,大雄Knight_,作为一个工作了年没休息过的人的分享经历去年夏天我提出了辞职想的就是有点积蓄去做自己想做的事情想的很美好减肥自律等等但其实除了没有按时起床没有工作的一些烦恼更多的还是无聊和自我消沉那时候考驾照能有一点固定活动之外没有朋友玩没有事做还有一日三餐没有收入积蓄越来越少的焦虑
Mon Jun 14 11:09:10 +0800 2021,2922626115,MerMer-,羡慕我感觉我一天不打工就要喝西北风
Mon Jun 14 11:09:04 +0800 2021,1505465450,每天成长快乐乐乐乐,不上班没工作没收入找到合适的自己生活方式整个人都会发生变化会越来越好
Mon Jun 14 11:07:51 +0800 2021,6580435277,jennieeye,成天都想啃奶油成天都想啃奶油
Mon Jun 14 11:06:45 +0800 2021,1867474810,hakuka可,我可能找到了组织
Mon Jun 14 11:06:13 +0800 2021,1867474810,hakuka可,我仿佛找到了组织
Mon Jun 14 11:04:38 +0800 2021,7400132517,放走布丁狗,今日小宜今日小宜你也可以姐妹
Mon Jun 14 11:01:08 +0800 2021,6724455613,我心情极度复杂,导致没有了烦恼
Mon Jun 14 10:59:22 +0800 2021,3218434732,禾i火,总而言之人一定要有属于自己的时间去提升自己
Mon Jun 14 10:58:30 +0800 2021,6072049294,吾家有玺呀,晶晶美咚咚晶晶美咚咚不要偷看的微博不要偷看的微博
Mon Jun 14 10:57:41 +0800 2021,1750405251,丁小奔儿,队长正在续命队长正在续命羡慕你
Mon Jun 14 10:57:25 +0800 2021,6473376266,该用户太酷无法显示,仙仙
Mon Jun 14 10:56:37 +0800 2021,1803550117,福尔摩明明,别把懒得工作只想玩这种行为美化了题外话是她做走得路都是纳税人出钱铺的
Mon Jun 14 10:56:34 +0800 2021,2160202230,A双儿A,不上班好久了感觉整个人都颓废了
Mon Jun 14 10:55:41 +0800 2021,1618637593,怡然有宁,还是想告诉大家改变命运靠男人无语了我周围就有很会花钱最近开始慨叹后悔
Mon Jun 14 10:54:36 +0800 2021,1888084374,空空妙也,赚钱让父母过更好的生活个人想法不同哦
Mon Jun 14 10:54:15 +0800 2021,1959785645,T_甜儿aya,小丫爱瑜伽小丫爱瑜伽
Mon Jun 14 10:53:46 +0800 2021,5786378923,安藤一川,保持灵气的办法少工作多睡觉奥特曼
Mon Jun 14 10:53:38 +0800 2021,6170400230,刘小川川川川,会导致性格开朗活泼
Mon Jun 14 10:53:20 +0800 2021,1844810052,maby-,嘻嘻
Mon Jun 14 10:53:06 +0800 2021,5326750151,娃娃机很酷,说明上班使人衰老
Mon Jun 14 10:52:56 +0800 2021,2471767985,妖刀倾城,谁愿意上班可是不上班怎么养活自己如果手里没钱还不去上班挣钱那生活就只有苟且哪里来的诗和远方哪里来的星辰大海
Mon Jun 14 10:52:21 +0800 2021,5605068713,EHTFU小初,不上班指的是不给别人打工
Mon Jun 14 10:50:57 +0800 2021,5198471864,追星续命专用,我已经辞职在家呆了七个月了
Mon Jun 14 10:48:00 +0800 2021,7379053044,终于知道怎么改昵称了1,不知道你是编的还是真的就我所见长期不劳作上班的人活的没个人样体质会变差精神萎靡看似活得轻松实际内心痛苦身体欠佳
Mon Jun 14 10:46:34 +0800 2021,3144297282,serena595,本人之前全职宝妈在家待了年半刚上班一周头晕脑胀允悲
Mon Jun 14 10:43:54 +0800 2021,2073373721,Lili-阿莉莉,我心大我心大
Mon Jun 14 10:43:20 +0800 2021,5250076935,姐姐是个小疯子,我就不想上班允悲
Mon Jun 14 10:40:54 +0800 2021,5656340163,YUNNAN-,会更快乐
Mon Jun 14 10:40:31 +0800 2021,2691930371,吴俣瞳SUMMER,长期不上班导致不想上班了
Mon Jun 14 10:38:24 +0800 2021,2082914907,cegos_elise,活得好不好和上不上班没必然因果
Mon Jun 14 10:38:24 +0800 2021,3970718700,陈嘎四,拐拐拐拐
Mon Jun 14 10:37:12 +0800 2021,6447570692,菩提心的岁月交给峰,慕了
Mon Jun 14 10:37:10 +0800 2021,1801900725,JasmineBiii,之前在悉尼外汇交易类上班年半每个月赚几个而且加班还是按小时付工资的我老公非要回国去中字头券商而我回国在银行被折磨了个月我终于辞职了个赚的太少了还老让加班早就不上班了当然取决于我老公的赚钱能力和我自己投资比上班赚的多我挺喜欢现在这种生活的也比较适合我们家
Mon Jun 14 10:37:05 +0800 2021,1503470542,饼干星星糖Q,不想上班不想结婚不想生孩子失望失望
Mon Jun 14 10:32:17 +0800 2021,6906929728,大手印52,上班是谋生的无奈不上班是人生自然本质没有任何动物需要上班只有那些接近人的动物也要上班这是被人污染了人不用上班时就会高兴那你为什么去上班好好想想吧
Mon Jun 14 10:31:45 +0800 2021,3895668425,葛文峰同学,一朋友不上班就在微信卖衣服疫情前每月轻松收入万多现在行情差了很多但每月也有多收入朋友想找个工作当副业不想和社会脱轨这样社保什么的也都有了前天一起吃饭朋友状态真的很好真是应了那句话上班是挣不到钱的
Mon Jun 14 10:31:34 +0800 2021,1795906407,空了个空的,上班消磨了无聊的一生
Mon Jun 14 10:30:40 +0800 2021,6610079656,喵喵卡2018,不上班几个月我有了大量的时间看书比前几年加起来的都多有了时间到处逛旅游看风景看展能免费就免费毕竟也没钱摄影水平也提升了作息规律了饮食健康了知道锻炼的好处了才发觉工作的自己真惨累的要死休息的时候只想躺哪知道这个世界还是美好的打
Mon Jun 14 10:30:24 +0800 2021,5670013006,月露露露露露露露,做这份工作前半年一点也不觉得累时间跨度长十二个小时中间最多休息两个小时每周休一天每天下班回家就是吃饭陪小孩玩给小孩洗自己洗洗衣服要手洗的哄睡觉后面跟老公聊天然后三月份后院起火闹矛盾闹离婚现在真想挖个坑把自己埋起来什么都不管拜拜
Mon Jun 14 10:30:06 +0800 2021,3148947174,3锅儿的媳妇儿,划重点钱够花泪
Mon Jun 14 10:28:30 +0800 2021,5108205349,鱼睦鱼吁吁,赵小小小棠赵小小小棠
Mon Jun 14 10:27:26 +0800 2021,5774855482,四季是个快乐的小憨憨,在有一定积蓄的情况下享受生活为自己而活是一件特别美好的事情抱一抱
Mon Jun 14 10:26:15 +0800 2021,6446139119,L林祁寒,这个我有发言权我曾经辞职在家呆了三四个月最主要的是没钱用哈哈哈次要的就是把人都搞颓废了
Mon Jun 14 10:26:04 +0800 2021,3380654172,人間朝暮集,体重别超一百斤体重别超一百斤
Mon Jun 14 10:25:54 +0800 2021,5326061377,敢敢找心心,不上班就很自由啊想赚钱就去弄点兼职什么的及时行乐罢了赞
Mon Jun 14 10:25:51 +0800 2021,3380654172,人間朝暮集,小北易撩撩小北易撩撩
Mon Jun 14 10:24:13 +0800 2021,5352967054,口合_女未,难以姐姐难以姐姐
Mon Jun 14 10:24:00 +0800 2021,6523001955,理工M的Utopia,
Mon Jun 14 10:24:00 +0800 2021,2563689057,unamelosa,旺仔牛逼糖嘻旺仔牛逼糖嘻看看
Mon Jun 14 10:23:44 +0800 2021,2002809552,行动派_baby张富贵,安东尼奥不是安东尼安东尼奥不是安东尼
Mon Jun 14 10:23:17 +0800 2021,7336129081,蝴蝶不自由,上班真的哭了多少次都不知道二哈我就完全没有要实现人生价值的梦想钱够用就行二哈
Mon Jun 14 10:22:41 +0800 2021,1798147440,f2yg,我就这样了半年积蓄花得差不多了最近又回来上班了哈哈哈哈哈
Mon Jun 14 10:22:08 +0800 2021,1880903603,戚_妞妞妞妞妞妞,这个就是性格区别有的人就是比较容易焦虑给自己压力觉得不上班不行觉得上班能实现自我价值有的就是船到桥头的心态所以笃定的很放荡不羁爱自由哈哈所以不上班的答案因人而异允悲
Mon Jun 14 10:21:17 +0800 2021,1683696901,羊卷毛y,不上班不等于不工作
Mon Jun 14 10:20:34 +0800 2021,2088716347,Oops_zyw,雨小珏儿雨小珏儿
Mon Jun 14 10:19:47 +0800 2021,6527413277,今天的雯被蚊子咬了吗,会很开心啊哈哈哈
Mon Jun 14 10:17:36 +0800 2021,3035823015,是李怼怼Ya,多看少评多看少评
Mon Jun 14 10:17:18 +0800 2021,1660177491,Godfrey的女朋友,雷芭比雷芭比
Mon Jun 14 10:17:12 +0800 2021,1968560083,魔法貓男孩,爽而且头脑清醒皮肤状态绝佳不用熬夜三餐正常爱你
Mon Jun 14 10:17:07 +0800 2021,3125321975,快到萝卜大王碗里来,有些环境真的让人身体不好老的快想要注重身体健康
Mon Jun 14 10:17:01 +0800 2021,2488354425,更爱红茶,吃喝玩乐钱花完了然后找个男人继续很真实啊
Mon Jun 14 10:15:58 +0800 2021,1501470627,快乐由自己2009,不上班的第二年委屈
Mon Jun 14 10:15:53 +0800 2021,5742203022,-MPWEN-,这个还是看个人比如我不上班没收入我的心里会很慌很没有安全感会导致睡不着更不敢大手乱花钱有些人就喜欢那种自由自在的感觉让自己变年轻变漂亮都是自己的选择没什么好说的
Mon Jun 14 10:15:49 +0800 2021,3145587547,KOTEHOIK,已经不上班两年了没工作没收入也没有变漂亮一直备考教师但是没有考上每天都很焦虑内心只想上班只想赚钱只想工作
Mon Jun 14 10:15:44 +0800 2021,5915275578,手里只有旺仔牛奶,隧道口蝉鸣夜隧道口蝉鸣夜
Mon Jun 14 10:14:02 +0800 2021,2188434844,俺记住你的脸咯,不上班非不工作非不赚钱我悟了
Mon Jun 14 10:13:31 +0800 2021,1230672305,馨然笑眯眯,思考看了一下评论都是认真的么别的不关心了只想知道不上班的盆友小钱钱哪来的真诚点交流一下获得这种快乐的方法吧污
Mon Jun 14 10:13:23 +0800 2021,6085521147,MyFxou,我想问问有什么不上班又有收入的方法上班真的太烦躁了
Mon Jun 14 10:13:08 +0800 2021,7081689749,沈笔酒酿MIA,真棒
Mon Jun 14 10:13:05 +0800 2021,5262500037,安琪拉烤串来了Yy,不洗头大队长不洗头大队长
Mon Jun 14 10:12:55 +0800 2021,2504492320,1个夏夜晚风的爱,吃了那条长颈鹿吃了那条长颈鹿
Mon Jun 14 10:12:42 +0800 2021,2610095867,夏至TONG未至,哈哈哈是不是不上班少了很多压力活的轻松所以年轻
Mon Jun 14 10:12:42 +0800 2021,5439723777,猫耳朵超级好吃,西皮柚西皮柚宝
Mon Jun 14 10:12:40 +0800 2021,6182091902,小葉_ymy,我怎么和这位姐姐相反啊泪
Mon Jun 14 10:12:07 +0800 2021,5993845807,陆JIAHUI,任小冰任小冰
Mon Jun 14 10:12:03 +0800 2021,6337864221,每天都想要炸毛的我,会导致自己皮肤更好身材更好远离焦虑和抑郁小时都属于自己发展无数爱好不上班不会导致你和社会脱节完全没有自己的生活才会与社会脱节
Mon Jun 14 10:11:48 +0800 2021,2417814115,Lizzy-xu,确实我那些不上班的朋友都越来越好看了我也有段时间不上班头发多了痘痘少了皮肤好了允悲
Mon Jun 14 10:11:28 +0800 2021,3620018160,LuneCool,我现在辞职快两年了辞职后第一年备考考研没考上第二年又考了考上了现在现在每天就是乐呵呵也有无聊的时候但我内心再也没有早起觉得去单位完成不了季度的难受了
Mon Jun 14 10:10:39 +0800 2021,1962138635,辛未桑,虽然我不上班很自由但是我自己的工作性质允许我不上班也可以有收入我妹大学毕业到现在就是存粹的在家呆着父母养不管赚多赚少一旦不出去社交很容易和时代脱轨的
Mon Jun 14 10:10:24 +0800 2021,5533984772,要开心吖吖吖吖吖吖,身体很好
Mon Jun 14 10:10:13 +0800 2021,1538149380,膚尔,普通人上班是为了谋生活自己创业成功的当然也有但是有风险并且很艰难成功的也是少数不要拿这种个例来误导年轻人不要上班
Mon Jun 14 10:09:12 +0800 2021,5028495781,shuai文w,根本就是垃圾毒鸡汤骗一些吃这套的没有自助思考能力的女人大家嗤之以鼻的毒鸡汤就是这种男人都务实没人会信
Mon Jun 14 10:08:08 +0800 2021,1557952645,逍遥的2021幸福安康富贵顺心意,不适合打工的人我
Mon Jun 14 10:07:48 +0800 2021,2032286027,我叫小小小小小小学生,还有人天生适合上班这是什么魔鬼之词微笑
Mon Jun 14 10:07:46 +0800 2021,2398763465,伏培培super,也想不上班可是贫穷限制了我的想法
Mon Jun 14 10:07:45 +0800 2021,1580004684,夏天爱吃薄荷糖,我想过不上班但依然执着于自己热爱的事物并转化成金钱的生活虽然现在爱好变现得很慢也很少但是努力提升技术也许真的有一天可以实现吧加油
Mon Jun 14 10:06:19 +0800 2021,6031919163,能分我一点快乐吗,长期不上班会被饿死二哈
Mon Jun 14 10:05:58 +0800 2021,3280360614,Su苏可以Su,上过好多年班位置最高做到分公司老大现在不上班了有自己收入途径必须泼个冷水的是上班平台不同可以有更广阔的视野锻炼更好的沟通技巧遇挫的抗压能力日复一日不停解决问题的能力逍遥度日不是人生全部在职场也可以实现自我带领他人成长推动社会发展这也算某种达则兼济天下吧
Mon Jun 14 10:05:57 +0800 2021,5028495781,shuai文w,编故事真的好吗没有底线
Mon Jun 14 10:05:55 +0800 2021,6317730766,lapis璆琳,半年没上班了我的腰椎间盘突出都好了上班的时候睡觉都躺不下现在整天扭来扭去都没有任何不适就是没钱悲伤
Mon Jun 14 10:05:38 +0800 2021,5152118546,做饭吧我饿了,那个潇潇那个潇潇
Mon Jun 14 10:04:59 +0800 2021,3198757724,十七没有张,之前因为做手术老板为了让我安心休养不许别人打扰我我静心休养了一个月最终是自己实在是太无聊了就回去上班同事们妹子都说我整个人都在发光皮肤状态超级好面色红润一点都不像做完手术的人于是操劳工作过了一个月她们说你现在都没之前有光泽了允悲
Mon Jun 14 10:04:54 +0800 2021,1571898647,哎哟个喵,简单说来每次给放假出去玩的我都比上班时的我好看微笑
Mon Jun 14 10:04:27 +0800 2021,5197527737,Uuiycw,颖颖儿颖颖儿
Mon Jun 14 10:04:06 +0800 2021,6086556273,一只原切小饼干,不上班五险一金都没人给你交
Mon Jun 14 10:03:24 +0800 2021,2687507173,L兰色小宇宙,其实人生的意义就是为了吃喝玩乐如果能实现为什么不呢毕竟人生下来并不是为了来上班劳作的摊手
Mon Jun 14 10:03:14 +0800 2021,1903182670,LamMomo-,上班是什么味道只知道绝不做朝九晚五不被我热爱的事不想理解社畜的含义被我接受做的事情就不是上班工作对我来说就是我的喜好了每个人有每个人喜欢并坚持的生活方式能过好自己的生活就好啦
Mon Jun 14 10:03:08 +0800 2021,2797626722,娇哥要锻炼好身体,不上班在家带娃的第三年没有星辰大海没有天涯海角没了朝气没了脾气老了起码二十岁微笑
Mon Jun 14 10:03:02 +0800 2021,6473721455,LadyQzz,我想上班因为在家待着卫生做饭刷碗各种各样的家务有点问题都是你做的不到位做好了也没人表扬在单位努点力就有收获
Mon Jun 14 10:02:58 +0800 2021,6059327398,璐宝hzh,辞职一两个月的我并没有慌张重点是要有辞职以后的规划存款是底气我还报了各种辅导班去跳舞去做自己喜欢的事睡到自然醒天天要有敢辞敢做的勇气休息差不多了去上班的时候也努力干放松好好放松挣钱努力挣钱
Mon Jun 14 10:02:43 +0800 2021,7363085952,赞赞每一天daytoy啦啦啦,有三个月不上班就是超开心状态特别好很多想尝试的事情
Mon Jun 14 10:02:42 +0800 2021,3964313930,CHUNHUILIAO,烦恼少年轻好
Mon Jun 14 10:02:42 +0800 2021,5904599275,希望大家以后天天开心,不生气行不行不生气行不行
Mon Jun 14 10:02:20 +0800 2021,6607368859,是七楼啊,就挺的
Mon Jun 14 10:01:50 +0800 2021,2283946491,LMOMOJ,与社会脱节
Mon Jun 14 10:01:38 +0800 2021,6390510090,臭臭是小蚂蚁,只谈不上班却不谈个人背景允悲
Mon Jun 14 10:01:19 +0800 2021,5019372154,当个有钱的美女,我真的都没咋上过班也不知道上班啥感觉汗我这性格就不适合上班
Mon Jun 14 10:01:08 +0800 2021,2050763004,ayaya白馍馍,应该再开个长期上班会导致什么样的后果一线人员天天加班疫苗站核酸点连轴转泪
Mon Jun 14 10:01:02 +0800 2021,3129639203,跳蚤是混世小魔王,会很快乐
Mon Jun 14 10:00:55 +0800 2021,2019620160,门前大乔吓,呵呵没家底的话这些话听听就完了可千万别当真这文编的痕迹太严重拜拜
Mon Jun 14 10:00:44 +0800 2021,5493957843,zz今天学习了吗上岸了吗,我大早上看到这个话题本以为我的微博在窥探我的生活结果哈哈哈哈哈哈哈哈哈上次回学校是有被夸年轻了呢哈哈
Mon Jun 14 10:00:12 +0800 2021,2508821773,陌陌陌菱邪,那以后的日子没有积蓄怎么办呢
Mon Jun 14 10:00:02 +0800 2021,6282442729,晓姜鱼717,蜡笔小丸蜡笔小丸我承认我馋了
Mon Jun 14 09:59:55 +0800 2021,1794538205,Joyce茜茜,一颗牛油果一颗牛油果笑笑
Mon Jun 14 09:59:50 +0800 2021,6245084287,小郑要溜,没有钱
Mon Jun 14 09:59:37 +0800 2021,1815812835,不太厉害的女侠,不上班的第五年二哈前两年爽歪歪时间越久越焦虑我有副业在家就能赚钱但还是焦虑的不行一度焦虑成抑郁症建议没有很好规划的姐妹不要长时间不上班
Mon Jun 14 09:59:27 +0800 2021,7312950553,装三哥,梦该醒了编剧都不敢这么写
Mon Jun 14 09:59:05 +0800 2021,6615728165,灯竹画花花,不管上不上班运动和出门是必不可少的宅家必然会让人身心越变越差
Mon Jun 14 09:58:44 +0800 2021,1794624612,张旦紫OP,我岁五年时间不上班自己做生意每天早上点起床跑步自己做健康餐晚上再来一个小时有氧或无氧运动没事儿就环游祖国出国旅行到岁人家都以为我大学刚毕业二哈岁开始遇到疫情就找工作上班了一年胖了斤缺乏运动满面油光不是腰疼就是腿疼脆弱了不少
Mon Jun 14 09:58:04 +0800 2021,1267740642,禁忌爱的困惑,我早就想加入但没勇气
Mon Jun 14 09:58:03 +0800 2021,5849404659,敲你那儿损色儿,真相了
Mon Jun 14 09:57:30 +0800 2021,6134931834,豆果汤,境外势力最希望中国人游手好闲不工作啦这样中国就超越不了美国了正和小拜拜的心呢微笑
Mon Jun 14 09:57:18 +0800 2021,6120733536,我是宋大宝的小号,这是啥话题对我来说不上班就没钱裂开信女在线许愿信女在线许愿
Mon Jun 14 09:57:16 +0800 2021,1688517747,猫-猫-咪丫,我来看看都谁这么牛逼不用上班的
Mon Jun 14 09:56:53 +0800 2021,6986597504,迷你份奶油蘑菇面,请叫我陈可乐请叫我陈可乐
Mon Jun 14 09:56:51 +0800 2021,3522823151,酥茄牛肉粒,我应该也算吧工作会让我实现很多自我价值竟然沒有找到喜歡上班的評論我喜歡上班可以體現自己的價值工作中不愉快的事可以鍛鍊自己的心理承受能力這些都是人生最珍貴的東西可貴的東西不是只有美貌和舒適
Mon Jun 14 09:56:48 +0800 2021,2787938381,噜噜llf,我不上班每天只会睡到中午晚上接着熬夜
Mon Jun 14 09:56:34 +0800 2021,3147074160,Jasmine_cxm,我准备辞职了去走走祖国的大好江山去陪伴我的宝宝希望妈妈出国后还能记得我的模样而不是只能通过视频很多人说你怎么舍得或者狠心我要是不出去继续在家打工买不起儿子的学区房给不了他好的生活我的父母穷过所以让我们过的不算太差可是他们却省吃俭用
Mon Jun 14 09:56:20 +0800 2021,3025738940,野人之芹,允悲学徒王自健学徒王自健反正我过气了允悲
Mon Jun 14 09:55:48 +0800 2021,2750942015,Yvonita,
Mon Jun 14 09:55:37 +0800 2021,6331586773,叫我帅勿念,长期上班不是不可以但是在国内这种人际关系复杂的环境会被人喷啃老啦被喷不务正业这那
Mon Jun 14 09:55:19 +0800 2021,5627870039,瑕光入袖,不上班哪来钱用啊家庭富裕就算了还有别的情况吗
Mon Jun 14 09:54:54 +0800 2021,5837244035,YIII·F,不想上班但想有钱
Mon Jun 14 09:54:53 +0800 2021,6004716261,月亮知道我爱他,先想想自己有没有钱再说吧黑线
Mon Jun 14 09:54:46 +0800 2021,5579256507,碧缇福小莹子,哈哈长期不上班会越来越不想上班
Mon Jun 14 09:54:35 +0800 2021,1735035423,随心语娱,我不上班挺好的家里有几套房子还有点存款人生就这么平平淡淡而过吧唉清贫的生活也能磨练一个人的
Mon Jun 14 09:54:29 +0800 2021,5371907247,sun超人公公,杨悦悦杨悦悦
Mon Jun 14 09:53:56 +0800 2021,5519721187,专咬薛定谔的猫,结婚十几年没上过班在家照顾孩子没父母也没公婆老公每个月给左右只能说够用我平时也比较宅不爱和人打交道大家平时都上班没人和我玩每天就是躺平躺平然后看到周围大家都很努力的活着有理想有目标很拼就导致我有种每天混吃等死的感觉然后就焦虑我活着为了啥
Mon Jun 14 09:53:48 +0800 2021,2443364243,Z小姐懒呆萌,我不上班就是躺尸废了
Mon Jun 14 09:53:42 +0800 2021,5249170836,数的羊都丢了的羊,几颗苹果几颗苹果不上班不赚钱小羊爱吃酱肘子小羊爱吃酱肘子不上班不工作允悲
Mon Jun 14 09:53:32 +0800 2021,1951618525,Layla_萌,如果换成不上班了在家带了五年孩子呢这种情况更多吧然后看看人会不会还容光焕发
Mon Jun 14 09:53:21 +0800 2021,6964583598,大fake00,过得好得很
Mon Jun 14 09:53:07 +0800 2021,5276897758,雨打雨花,所以长期不上班的结果是真的不用上班了二哈
Mon Jun 14 09:53:04 +0800 2021,7499959290,会飞的猫Tommy,没钱谈个
Mon Jun 14 09:52:58 +0800 2021,2925719911,王王大可77,蛋皮并不是皮蛋蛋皮并不是皮蛋
Mon Jun 14 09:52:57 +0800 2021,2956484777,九亿少男嘚梦,不上班是年轻了允悲可是荷包不允许啊
Mon Jun 14 09:52:41 +0800 2021,5070060560,_清一色呀,咸鱼加油鸭咸鱼加油鸭
Mon Jun 14 09:52:26 +0800 2021,5848437600,jiiia-z,不上班得有钱啊
Mon Jun 14 09:52:25 +0800 2021,1766710640,H-y-lannnnnnn,年不上班一年了开画室三个月了好像自己越来越开心了哈哈哈上班也只上周末做的是自己喜欢的很开心啊
Mon Jun 14 09:52:22 +0800 2021,2532498102,小白阳咩咩,羡慕过得真潇洒
Mon Jun 14 09:52:21 +0800 2021,5769884191,Linda202188,年没上班
Mon Jun 14 09:52:17 +0800 2021,2618843013,弟弟超凶的,
Mon Jun 14 09:51:59 +0800 2021,1739777507,奋斗怪青年,想去沙漠旅行的鱼想去沙漠旅行的鱼
Mon Jun 14 09:51:51 +0800 2021,2663136475,1945年9月3日,人生短暂自由和快乐最重要
Mon Jun 14 09:51:48 +0800 2021,1778412893,JANELEVENYES,读个研究生就没了一半打
Mon Jun 14 09:51:44 +0800 2021,1368899204,彦钧89,绝大部分人都需要上班所有工种都需要人去做不然社会环节就出问题了而且人需要吃饭男的不买房试试能找到老婆吗你有了房贷有了小孩试试你失业个一年半载试试也不要偷换概念上班就是工作不管自己做啥搞钱就算创业也是不是每个人都有自控力也不是所有人都能找到精神的乌托邦
Mon Jun 14 09:51:39 +0800 2021,3215743503,妹抖喵,计划中二哈
Mon Jun 14 09:51:38 +0800 2021,2601588527,Rabbit331,谁来推我一把工作十一年国企无晋升可能每天都在想辞职又犹豫保险一类的东西不知道怎么弄每天都很不开心每天加班孩子也没空照顾生病放假没人带我要辞职么但我老公好像不太支持我辞职虽然未明说抑郁
Mon Jun 14 09:51:24 +0800 2021,5974157147,yy-旺仔牛奶,
Mon Jun 14 09:51:18 +0800 2021,6012805700,Oo黛西,不上班不等于不挣钱
Mon Jun 14 09:51:11 +0800 2021,5272570203,你香还是我香,为啥我一个月不上班我觉得我堕落了允悲可能是没钱
Mon Jun 14 09:51:08 +0800 2021,6284958567,渣浪88,我辞职半年减肥瘦了十几斤快斤了下一步再把皮肤搞好每天不要太开心哦
Mon Jun 14 09:51:00 +0800 2021,5836550438,宽哥142,何茜何茜
Mon Jun 14 09:50:53 +0800 2021,5238833133,Miss_黑糖小姐,我也不想上班了泪可是生活不允许啊
Mon Jun 14 09:50:48 +0800 2021,3824518712,CheeseBar9,这不是我吗
Mon Jun 14 09:50:37 +0800 2021,3175599517,没有什么能阻拦我热爱世界和平,知人不必尽其言知人不必尽其言姐妹
Mon Jun 14 09:50:36 +0800 2021,1760514094,Basilosaurusss,长期不上班就是我比朋友们年轻了好多
Mon Jun 14 09:50:34 +0800 2021,2554139625,Suuul-,好归好也不能一概而论同时心态很重要
Mon Jun 14 09:50:27 +0800 2021,3001858077,BJTbiubiubiu,哇
Mon Jun 14 09:50:14 +0800 2021,1862385305,蘑菇下的精灵马甲,钱花完咋整还能适应工作吗你也说是工作几年略有积蓄不工作的时候肯定挣不了这么多钱坐吃山空的感觉不会焦虑吗
Mon Jun 14 09:50:13 +0800 2021,3022121525,翘着二郎腿的喵dell,不上班的怎么做到在家不看电视不玩手机的我感觉我需要有个人看住我喵喵喵喵喵喵
Mon Jun 14 09:49:55 +0800 2021,5668195311,开心市民_D,初一二明初一二明看遍山海呢看遍山海呢
Mon Jun 14 09:49:54 +0800 2021,5647169683,姜餅人壹號,不爱吃番茄的涛涛不爱吃番茄的涛涛上班使人月经不调
Mon Jun 14 09:49:53 +0800 2021,6178464560,Instead-chen,每个人的梦想吧泪
Mon Jun 14 09:49:49 +0800 2021,1656781905,克莱米亚,不上班的第年爽归爽无聊起来确实挺无聊然鹅人真是比上班时候开心
Mon Jun 14 09:49:37 +0800 2021,7305195776,所有网名都不能用,这个话题现在我有发言权我上个月上班的时候扭伤了脚在家休养了半个月明天就要上班了泪泪
Mon Jun 14 09:49:35 +0800 2021,3927536021,阿升酱sunny,害有钱谁愿意上班呢
Mon Jun 14 09:49:31 +0800 2021,6892799508,粥不理,蘑菇纤维蘑菇纤维
Mon Jun 14 09:49:32 +0800 2021,2050492354,阿齐哟呵喂,安安哈哈哈哈哈哈很快就是我了
Mon Jun 14 09:49:11 +0800 2021,2990659382,paradox兰,不上班我买的江诗丹顿穿带给谁看
Mon Jun 14 09:48:59 +0800 2021,5684864018,周五iii-,
Mon Jun 14 09:48:47 +0800 2021,6556815732,叫An总,视各人情况而定
Mon Jun 14 09:48:37 +0800 2021,1100940602,McysYh,爱美食的胖丁啊爱美食的胖丁啊源源的小书包源源的小书包
Mon Jun 14 09:48:30 +0800 2021,5587107443,一个奋斗的九零后中年小伙yes,不上班不代表没收入
Mon Jun 14 09:48:30 +0800 2021,3256090490,Berlinnnnnnnn,你可别放屁了当你失去经济来源的时候你会开始焦虑接下来你会规划一日三餐的费用别人都在上班而你在休息你的社交也慢慢变少由于钱越来越少你的焦虑感递增逐渐拒绝出门导致你的时差颠倒慢慢半年过去了由于熬夜焦虑少社交你会大量脱发面色极差记忆力减退语言能力下降
Mon Jun 14 09:48:18 +0800 2021,1908295043,来一份炒年糕-,我室友年就辞职不上班了她的不上班就是没有工作后果就是每天躺尸
Mon Jun 14 09:48:15 +0800 2021,6453369283,LIUCYUN,我就是不上班后瘦了三十多斤有了很多朋友很快乐馋嘴
Mon Jun 14 09:47:57 +0800 2021,3929715340,赵霜枫,当你父母生病躺在医院疼的直叫而你拿不出钱的时候大概也挺爽的不过是酸爽微笑可爱笑哈哈太开心
Mon Jun 14 09:47:56 +0800 2021,1409491525,蒹葭苍苍SCU,括号只有前括弧没有后括弧读这篇的时候一直在找后括弧可怜
Mon Jun 14 09:47:55 +0800 2021,5541173783,--W姑娘呀,慕知音慕知音长期不上班有什么后果篇
Mon Jun 14 09:47:42 +0800 2021,2790876234,ItsNicoleNicole,是我的心是我的心
Mon Jun 14 09:47:37 +0800 2021,1867023473,ailmno,不上班的第年了吧爽得很不过创业路上也有很多挫折吃了一些亏但都坚持过来了人生会越来越好
Mon Jun 14 09:47:36 +0800 2021,7380694066,磕CP的我最美,我自己会变胖变丑变憔悴但是无忧无虑每天都很爽没有客服和领导的骚扰不用听到微信电话一响就恐慌
Mon Jun 14 09:47:35 +0800 2021,6571594942,银河书局大熊_,小熊抱抱爱心饼干小熊抱抱爱心饼干
Mon Jun 14 09:47:24 +0800 2021,6164881616,重要的人不能忘记的人你的名字,不上班人会堕落消极
Mon Jun 14 09:47:13 +0800 2021,1656250181,桐三树,大学毕业年就没上过班明显感觉脱轨了还没有一技之长
Mon Jun 14 09:47:05 +0800 2021,3284134770,黑妮er,
Mon Jun 14 09:46:47 +0800 2021,5571491517,6hy_66,楼楼主呀楼楼主呀
Mon Jun 14 09:46:42 +0800 2021,2498308420,交个朋友躺会,扯淡说他买不起房这个假的一批真的还有几个孩子这得多有钱呢
Mon Jun 14 09:46:36 +0800 2021,6366232416,一个不爱学习的仙贝,桃卿桃卿
Mon Jun 14 09:46:33 +0800 2021,7270000495,芝士味的仙貝w,我两个月没上班皮肤状态明显比上班好痘痘都消了看起来人更好看了
Mon Jun 14 09:46:33 +0800 2021,5643791046,CHURbuffy,整点阳间言论
Mon Jun 14 09:46:23 +0800 2021,2299496845,DA猫99,有钱我也不上班
Mon Jun 14 09:46:19 +0800 2021,2651955902,宇宙无敌糖超人,长期上班会导致什么后果被鸡零狗碎的事情耗尽对生活的所有热爱祝我们都能在鸡零狗碎的日子里找到闪闪的快乐
Mon Jun 14 09:46:14 +0800 2021,5591877645,给小尚来盘宫保鸡丁,上班就是每天都很烦丑累丑累的嘻嘻嘻嘻
Mon Jun 14 09:46:12 +0800 2021,5252553545,小杨同学拥抱太阳,酒仙樱桃小丸子酒仙樱桃小丸子
Mon Jun 14 09:46:08 +0800 2021,1750163835,风吹屁屁凉阿嚏,可拉倒吧别坑害青少年了行么
Mon Jun 14 09:46:05 +0800 2021,5675130849,YRCCCCCCC,夸美纽斯本斯夸美纽斯本斯可爱仔可爱仔憧憬
Mon Jun 14 09:46:01 +0800 2021,2021790805,DD_929,最重要还是要有钱
Mon Jun 14 09:45:59 +0800 2021,1496637112,屈兮兮一,
Mon Jun 14 09:45:57 +0800 2021,6325160303,MH小慧儿啊,神秘胖仔神秘胖仔
Mon Jun 14 09:45:56 +0800 2021,1782755790,惊蛰的福萝北,有钱可以没钱就算了
Mon Jun 14 09:45:51 +0800 2021,5752435303,Mandy很热爱生活,只要有钱不上班也有好多玩法可以更全方位提升自己而不是活在单位的小圈子
Mon Jun 14 09:45:49 +0800 2021,2775169695,一颗大鸭梨Leah,两年没上班了状态越来越好
Mon Jun 14 09:45:41 +0800 2021,3592292641,帅气的本心,你看到我的兔子了吗你看到我的兔子了吗行啊
Mon Jun 14 09:45:37 +0800 2021,2242619534,蔚蓝的蒲公英a,是的是的不上班就是快乐的源泉
Mon Jun 14 09:44:41 +0800 2021,3754901532,还是好名字吧,倪好帅啊倪好帅啊
Mon Jun 14 09:44:35 +0800 2021,5528525670,超级无敌幸运的v,胡浩翔胡浩翔
Mon Jun 14 09:44:19 +0800 2021,6752830235,是一一斤呀,是我了
Mon Jun 14 09:44:15 +0800 2021,7366942917,萌面小酥,是这样的上班养娃每天都焦虑整夜失眠再这样下去我可能就要辞职了
Mon Jun 14 09:44:13 +0800 2021,5870011332,在世界角落游荡,缺的是钱
Mon Jun 14 09:44:04 +0800 2021,1866315123,小奋很紧张,别混淆概念了这篇重要的是在讲有钱的好处以及不买房不生子的好处并不是不上班的好处你仔细想想不管上不上班只要有钱都可以做到这些
Mon Jun 14 09:44:03 +0800 2021,5388991136,梦中的狐狸呀,焦虑
Mon Jun 14 09:43:59 +0800 2021,3897518619,峰是蜜蜂的疯,这个上不上班有关系吗完全是在回答有没有钱的人有啥区别
Mon Jun 14 09:43:44 +0800 2021,5495978342,孤傲的拯救者,要是我也能不上学就好了允悲
Mon Jun 14 09:43:38 +0800 2021,5286926057,少年侦探团的幕后大boss,从去年月到今年月断断续续的只上了三个月的班其他时间几乎都在外出旅游因为疫情去不了国外就在国内玩了好几个月现在上班了再看前几个月玩的照片视频依然能体会到当时的快乐
Mon Jun 14 09:43:34 +0800 2021,5672507224,李七七同学丶,自律的人会好好追求自己心之所向不自律的人就不要了吧
Mon Jun 14 09:43:18 +0800 2021,6322537943,大妍快跑_,快乐吧
Mon Jun 14 09:43:11 +0800 2021,3286561322,一只丧丧的松子酱,不上班的时候要记得出门玩不要待在家里不然妈妈会让你的体验感大打折扣喵喵
Mon Jun 14 09:42:56 +0800 2021,1801811490,也许只是太阳恰好落山了而已,壹点喜欢予你壹点喜欢予你
Mon Jun 14 09:42:40 +0800 2021,2304817995,reggae-boy,调酒旅游看书和工作很冲突吗很大众很普通的消遣活动而已怎么就人生升华了呢你就是去公园捡垃圾要是能每天捡半小时那也比你说的升华多了
Mon Jun 14 09:42:20 +0800 2021,6662682313,打工艺术家,
Mon Jun 14 09:42:10 +0800 2021,5893447934,WY19970420,我一朋友从年月至今都没有工作拿光了父母的养老钱周围朋友的钱也借个遍女朋友还一直贴补着他都二十九岁的人了他除了网上平台上负债好像每天都是躺在床上思考所谓的人生挣扎着我要上班我要找工作如果辞职为了修身养性的话会有沉淀之后的绽放但我朋友除了抑郁就是穷
Mon Jun 14 09:42:06 +0800 2021,2271787625,一只很懒的喵啊,哈哈哈哈反正我好羡慕
Mon Jun 14 09:42:03 +0800 2021,3356128142,超爱听相声的小星星bling,爱人爱我爱人爱我首先我们要先有点积蓄
Mon Jun 14 09:42:02 +0800 2021,3163438690,河岸刺猬,
Mon Jun 14 09:41:39 +0800 2021,2655390653,威尼斯少女的祈祷,清华氵清华氵
Mon Jun 14 09:41:32 +0800 2021,2207963860,名字被取完了阿,圖片評論评论配图
Mon Jun 14 09:41:22 +0800 2021,7609690598,雅雅手绘头像,会发现与社会脱轨了跟不上步伐允悲允悲
Mon Jun 14 09:41:17 +0800 2021,5527378900,我家smilever,喜欢年轻的弟弟是真的
Mon Jun 14 09:40:56 +0800 2021,7511574500,有关芒果的芝士,我劝你不要安利我这些会助长我每天不想上班的嚣张气焰悲伤悲伤悲伤
Mon Jun 14 09:40:33 +0800 2021,1703636020,se7en_Crystal,不上班的快乐
Mon Jun 14 09:40:33 +0800 2021,5253529517,圆形小饼干l,精分女孩爱喝可乐精分女孩爱喝可乐
Mon Jun 14 09:40:12 +0800 2021,2794418760,Rogeral,这是点我们呢并不简单
Mon Jun 14 09:40:10 +0800 2021,5586420163,小朋友今年没有问号,这么好的嘛跪了跪了跪了
Mon Jun 14 09:40:06 +0800 2021,5705163104,舜贻,大藏羚羊大藏羚羊看看
Mon Jun 14 09:40:04 +0800 2021,3760422025,ZingUpOu,酸
Mon Jun 14 09:39:46 +0800 2021,6545636827,我是小小宋同学,家庭主妇也是长期不上班
Mon Jun 14 09:39:46 +0800 2021,1446638770,R_MR77,南市全智贤南市全智贤
Mon Jun 14 09:39:46 +0800 2021,7561373654,湫兮如枫林晚,哈哈哈哈哈哈哈哈
Mon Jun 14 09:39:37 +0800 2021,1189508840,崔小美2010,选择上班和辞职其实选择本身没有错是你选择过后年年后能不能承担起你选择的后果本应该在奋斗的时候选择躺平
Mon Jun 14 09:39:37 +0800 2021,5314676020,肥肉圆滚滚滚滚,会变美变快乐变自信
Mon Jun 14 09:39:35 +0800 2021,3181125574,风口里的兔子,误人子弟
Mon Jun 14 09:39:33 +0800 2021,3760422025,ZingUpOu,薛书百变小飞龙薛书百变小飞龙这是我想要的泪可我没这个资本
Mon Jun 14 09:39:28 +0800 2021,3821749336,潇潇连君,当了班主任标题看成了长期不上班会导致了什么后果居然反思自己中并不简单二哈二哈
Mon Jun 14 09:39:27 +0800 2021,3354712190,zghjypp,我两年没上班了且依然不想找工作
Mon Jun 14 09:39:20 +0800 2021,3760422025,ZingUpOu,安徒森森安徒森森呜呜呜羡慕了
Mon Jun 14 09:39:01 +0800 2021,3270182892,天然卷都有直发梦,菜得抠大薄薄菜得抠大薄薄
Mon Jun 14 09:38:38 +0800 2021,1936906271,怪-彤彤,每个人的想法做法不一样吧谁都想不上班花不完的钱只是这只是理想还是得面对现实
Mon Jun 14 09:38:33 +0800 2021,2460243560,大魚拾光,不上班四五年了但是有了新的工作能力挣得比以前多多了时间完全自己安排工作的时间也很长但是搬到了山清水秀的地方搞了工作室努力变成了想象中的生活完美可爱
Mon Jun 14 09:38:30 +0800 2021,5708817319,一颗芒果味小熊软糖,会导致快乐
Mon Jun 14 09:38:18 +0800 2021,5616850785,懒懒珠6,谁想上班啊微笑微笑微笑
Mon Jun 14 09:38:19 +0800 2021,5170188533,白开水9530,
Mon Jun 14 09:38:14 +0800 2021,1500907543,殷俊娴,事实希望未来能实现偷笑偷笑
Mon Jun 14 09:38:14 +0800 2021,5229932106,入梦驰放-L,许乐猫许乐猫
Mon Jun 14 09:38:03 +0800 2021,6115073293,嗯是蛋蛋,嗯是雯酱嗯是雯酱
Mon Jun 14 09:38:00 +0800 2021,7575114506,通通转播,不上班五年了允悲真的没有再回去的欲望
Mon Jun 14 09:37:43 +0800 2021,1605406887,放羊女孩2010,蹲一个不用给人打工自己打工的事做
Mon Jun 14 09:37:40 +0800 2021,1644231795,狮子座_ViVi,哇真好
Mon Jun 14 09:37:23 +0800 2021,3166916564,My-bjyx-6002,不上班的一年里简直爽翻好吗我想去哪就去哪真的见识了好多新的东西
Mon Jun 14 09:37:20 +0800 2021,3216637412,绝世欧皇也是辣妹富婆,全天候自闭全天候自闭我的梦
Mon Jun 14 09:36:47 +0800 2021,5325037857,倩吖朱的阿大倩,不上班也能挣钱生活自由有时间爱自己爱生活爱家人这也太棒了
Mon Jun 14 09:36:47 +0800 2021,5496594815,早市杀鱼yu,
Mon Jun 14 09:36:44 +0800 2021,5778968410,姐妹你怕绿,你把尸体藏在哪了你把尸体藏在哪了这他妈的我也想
Mon Jun 14 09:36:41 +0800 2021,6615904051,游游爱吃西瓜,马上要加入这个行列了打打打
Mon Jun 14 09:36:38 +0800 2021,1631972463,橙子在夏天奇遇记,啊啊啊慧儿呀啊啊啊慧儿呀啊啊啊啊啊啊
Mon Jun 14 09:36:35 +0800 2021,5109888446,阿鹿睡醒了LH7,我想辞职我想去旅游可我没有钱所以只能上班挣钱没有钱的感觉真的很难受所以我了月月光正常吗
Mon Jun 14 09:36:27 +0800 2021,2262613735,爱的迪生,紧张的点进来满意的转发了
Mon Jun 14 09:36:22 +0800 2021,6592346435,Rhythm-After-Summer,孤军一掷孤军一掷
Mon Jun 14 09:36:20 +0800 2021,6256447923,叫淋被,嘻嘻拆迁了就不用上班了钱花不完
Mon Jun 14 09:36:17 +0800 2021,2014193631,北派--榆木,其实就是差钱儿笑
Mon Jun 14 09:36:13 +0800 2021,2239909131,EXPP,转发微博
Mon Jun 14 09:36:12 +0800 2021,5737456226,古娜拉叽里呱啦,回复小羊爱吃酱肘子小羊爱吃酱肘子我也想过这样的日子找自己的感觉太棒了
Mon Jun 14 09:36:02 +0800 2021,2325987474,脸圆肉肉,我不要这脸了我不要这脸了
Mon Jun 14 09:35:58 +0800 2021,1998226250,许二二一点也不二,我这种不上班只能在家混吃等死产假半年没有上班的我已经不想上了哈哈哈
Mon Jun 14 09:35:48 +0800 2021,6537532389,KAU_YU,辞职边缘但我似乎没有一技之长可以养活我打脸
Mon Jun 14 09:35:46 +0800 2021,5744382184,烵烵是小猫咪,个月没上班天天出去玩基本天天熬夜毕竟没收入有的时候还是挺惶恐的内心想的有机会了就去认真工作生活偶然有次机会去朋友那帮忙连着几天起不来不想上班
Mon Jun 14 09:35:46 +0800 2021,5303157647,歌90,焦虑
Mon Jun 14 09:35:31 +0800 2021,1708470997,玉米麦芽,我同学家里搞房地产的她是不需要上班但是即使在英国读完了本科和研究生回来的她还是在不上班的过程中变得越发的絮叨计较话题永远只限于她的邻居我和另外几个朋友每天上班养孩子话题也还是很多时不时的一起看个话剧脱口秀酒吧喝喝酒什么的不会跳舞但是不耽误自己的业余时间丰富主要看个人喜好了
Mon Jun 14 09:34:57 +0800 2021,1862896090,俊俊Kor,的空间的空间
Mon Jun 14 09:34:51 +0800 2021,2170749472,WWJ1717117,小七小七
Mon Jun 14 09:34:48 +0800 2021,2887494067,请叫我机智旭Cx,是卷卷丫是卷卷丫
Mon Jun 14 09:34:40 +0800 2021,6323212737,李憨憨的小马同学,哇哦
Mon Jun 14 09:34:39 +0800 2021,2509137475,Lenny里里,年在北京辞职回到老家沈阳自己开了家小工作室时间自由收入可观每天睡到自然醒有充足的时间安排自己的生活
Mon Jun 14 09:34:38 +0800 2021,7345793608,淘宝名古力娜扎,月亮也想知道月亮也想知道
Mon Jun 14 09:34:37 +0800 2021,1904347751,muoutc,不上班不等于没有工作我可以是包租婆也可以是定期拿钱的股东虽然没啥抱负但绝对不缺钱花可爱
Mon Jun 14 09:34:18 +0800 2021,3201913075,佐佐真可爱,可是不上班挣不到钱除了上班还有啥途径挣钱别跟我说自媒体
Mon Jun 14 09:34:09 +0800 2021,6498096705,我和小米贴贴,汗
Mon Jun 14 09:33:55 +0800 2021,2883608295,青山小朋友天天开心,我觉得自己也不适合上班嘻嘻
Mon Jun 14 09:33:51 +0800 2021,5219996468,婵儿你太美,爽爽家的小迷妹爽爽家的小迷妹裂开
Mon Jun 14 09:33:47 +0800 2021,5556004994,十块一毛八,我不喜欢上班但我也没资金搞副业所以还是得上班不管上没上班我皮肤状态已经很差很差了没钱真的做不成你想要的任何事我亲戚在家搞养殖没收入大几万现在四十几三十几皮肤什么的超级好单身狗
Mon Jun 14 09:33:42 +0800 2021,6719224094,jimimi_13,南弦伊南弦伊
Mon Jun 14 09:33:40 +0800 2021,5722418603,你把尸体藏在哪了,不是我说你这微博发的就忽悠忽悠小孩子吧傻批
Mon Jun 14 09:33:39 +0800 2021,6443375486,早睡hh早起,一个锦两个鲤一个锦两个鲤
Mon Jun 14 09:33:36 +0800 2021,5657364062,高飞1118,首先得有钱
Mon Jun 14 09:33:24 +0800 2021,6033298448,uo是懒王,路过我的生活路过我的生活
Mon Jun 14 09:32:52 +0800 2021,2047181565,爱我杀人不眨眼,确实我就是辞职到处玩然后碰到老公结婚了兔子
Mon Jun 14 09:32:50 +0800 2021,2643886245,觉少,
Mon Jun 14 09:32:48 +0800 2021,2432293492,非典型x姐,这个热搜挂了一天了
Mon Jun 14 09:32:35 +0800 2021,5872048470,Fahaxiki喔,
Mon Jun 14 09:32:32 +0800 2021,1800239390,Zinnner,不上班后我的颈椎病好了胳膊也不疼了腰也不疼了真的舒服
Mon Jun 14 09:32:28 +0800 2021,1097057433,利比里亚女郎,前提有钱
Mon Jun 14 09:32:21 +0800 2021,5351280889,Jiao大飞,丶丶你也是长期没上班怎么感觉你两极反转了
Mon Jun 14 09:32:20 +0800 2021,5582987473,你吃太多了吧,长期不上班会穷啊你以为人人可以有家产继承啊黑线
Mon Jun 14 09:32:20 +0800 2021,1947803094,相对冷静,有多少人跟我一样在找第二段文中的后括号的
Mon Jun 14 09:32:17 +0800 2021,5366044935,不是GD是GC,我半年没上班在家基本不出门刚开始上班不看别人说话的嘴型根本不知道他在说什么泪泪
Mon Jun 14 09:32:09 +0800 2021,2037623997,枕戈飞藻,上不上班无所谓关键是要活出自己的价值不过很可惜很多人一辈子也不知道自己的价值在哪包括我自己
Mon Jun 14 09:32:06 +0800 2021,1855978192,种花家的疯兔子,额不上班还能这么嗨的都是别人好吧
Mon Jun 14 09:31:56 +0800 2021,5141488032,鹭沐_,有没有不上班又能挣钱那种并不简单
Mon Jun 14 09:31:46 +0800 2021,7516530983,你是你我是我我们不是我们,开心最重要开心就好啊
Mon Jun 14 09:31:25 +0800 2021,7516530983,你是你我是我我们不是我们,开心最重要
Mon Jun 14 09:31:25 +0800 2021,2740062704,小黄淘20141016,关键是有钱有钱啥都可以了
Mon Jun 14 09:31:23 +0800 2021,2462762705,我若为王封你为后,这为啥可以上热搜
Mon Jun 14 09:31:20 +0800 2021,1865150655,仙境公主,我已经四年没上班了挺自由的再也不会晚上因为想到第二天的工作压力大到焦虑失眠最近迷上运动每天去健身状态有在越变越好
Mon Jun 14 09:31:19 +0800 2021,2416379221,赖赖是聪哥,我是那种长期不想上班的但因为负责又没存款不得不上班她过的就是我想过的
Mon Jun 14 09:31:17 +0800 2021,6301463249,意意意意意zhi,有点迷惑说上班不行说不上班也不行除了上几小时的班还高薪啥都不能满足网友的需求
Mon Jun 14 09:31:02 +0800 2021,2208678430,蔯一天,我长期不上班还没积蓄快废了
Mon Jun 14 09:30:46 +0800 2021,7516530983,你是你我是我我们不是我们,开心就好
Mon Jun 14 09:30:44 +0800 2021,2092871561,大脸猫的故事z,前提是你得像她一样有钱
Mon Jun 14 09:30:41 +0800 2021,5495846761,谈笑造事实,后果就是你这言论简直就是放屁引导年轻人不正确的价值观还一个姐妹你梦里面的姐妹吧举报先拜拜
Mon Jun 14 09:30:30 +0800 2021,3710905082,绵绵想瘦,真好还有年轻弟弟悲伤
Mon Jun 14 09:30:24 +0800 2021,2449377430,守候-只为等你,女人可以不用买房不用攒彩礼遇见合适的就嫁了男人不上班你试试喵喵喵喵喵喵最后屁也没有还得上班
Mon Jun 14 09:30:15 +0800 2021,6865320972,仓鼠的小馋猫,小熊喋喋小熊喋喋酸我也想旅游
Mon Jun 14 09:30:14 +0800 2021,5719689400,云儿知,导致
Mon Jun 14 09:30:09 +0800 2021,1863524483,想悠然,之前休息了八个月这八个月真的是我这辈子身体最好的时候睡眠好精神好皮肤也好了不怎么动还瘦了精神状态都特别棒但是也有弊端当我发现跟别人交流开始困难了开始有社恐前兆说话有点结巴了就赶紧结束假期出来上班了各有利弊吧
Mon Jun 14 09:30:01 +0800 2021,5591165077,该昵称没有被占用哈哈,嘉加的小括弧嘉加的小括弧
Mon Jun 14 09:30:00 +0800 2021,5648579222,白黯淡了,小胖妞的大肥喵小胖妞的大肥喵
Mon Jun 14 09:30:00 +0800 2021,6596687496,snow鹿眸,为了钱真是什么瞎话都敢编弄这种故事给人不切实际的幻想真是黑了心了你晚上是怎么能睡着的
Mon Jun 14 09:29:58 +0800 2021,1834612420,爱普溪,我爱上班上班虽然也有很多烦恼但是也给我成就感价值感虽然收入不多但同事友爱压力不大我本来就很宅不爱玩如果不上班我找不到人生的方向和目标
Mon Jun 14 09:29:43 +0800 2021,6120235359,Fan妮儿_,与呆喜与呆喜升华
Mon Jun 14 09:29:33 +0800 2021,2637507841,L豆豆Q,不上班的几年把病都熬出来了裂开还是上班规律不上班熬夜追剧吃夜宵疯狂吃垃圾食品变得极其不自律
Mon Jun 14 09:29:29 +0800 2021,6800995135,李勿忧,资产超过五百万千万的这样做一点毛病都没有问题是几个这样身价的会游手好闲允悲毒鸡汤都信不是傻是什么嘻嘻
Mon Jun 14 09:29:20 +0800 2021,5025140560,吃可爱多长大的胖泽,是我本人了不上班后又活成了一个孩子馋嘴
Mon Jun 14 09:29:15 +0800 2021,5505667562,可乐不喝可乐_,别看了朋友们人家不上班存款一百万
Mon Jun 14 09:29:05 +0800 2021,2644569652,手揣兜兜er,前提是要有钱我有钱我也可以长期不上班
Mon Jun 14 09:28:41 +0800 2021,5253546738,-zHuLu,今年有今年有这得有多少资产才能这么潇洒
Mon Jun 14 09:28:36 +0800 2021,1666211645,然而32,不上班不代表不工作有些上班很轻松有些工作很辛苦还有羡慕人家有人养不用上班的那是因为人家爹妈努力工作你爹妈和你一样天天在这里讨论着这个不用上班的问题
Mon Jun 14 09:28:36 +0800 2021,6134361675,我乐意Ya_,
Mon Jun 14 09:28:34 +0800 2021,2775502670,星月不及眸内海,这就是喔工作的理由为了早日的自由不求大富大贵但希望自己不忘初心永远热爱且自信
Mon Jun 14 09:28:31 +0800 2021,5899957028,就吃一碗碗饭,我还没点进来的时候我就知道长期不上班越来越开心越来越漂亮允悲允悲
Mon Jun 14 09:28:26 +0800 2021,5955500385,是谁的笑笑丫头,小龙小龙挣钱不愁小龙小龙挣钱不愁
Mon Jun 14 09:28:23 +0800 2021,3228736132,等等我就给你一拳,以我现在的状态只有源源不断的焦虑打臉
Mon Jun 14 09:28:19 +0800 2021,1792922802,-DenYtin,是梦婕不是家纺是梦婕不是家纺哈哈哈哈哈哈哈来
Mon Jun 14 09:28:10 +0800 2021,1934923783,小Q然宝,能不能说个具体的存款数字让也想这样的年轻人衡量下这绝对不是个小数字
Mon Jun 14 09:27:57 +0800 2021,6066312225,盐水风黎,可能我比较喜欢上班我有时候做白日梦我暴富了我还是想要上班一个人待久了就发霉的啊不开心但是可以和同事说说话也挺充实裂开
Mon Jun 14 09:27:55 +0800 2021,6353344848,代官西山,灬灬哈哈哈哈啊哈
Mon Jun 14 09:27:54 +0800 2021,6310015348,小鱼在努力嘿嘿,除了没孩子没这么多钱其它就是我现在的状态刚刚出去旅行回来在家学舞蹈不过已经开始找下一份工作了泪
Mon Jun 14 09:27:50 +0800 2021,6227101241,捕猪户,敢不上班的前提是什么
Mon Jun 14 09:27:45 +0800 2021,3743983865,Taynew_polca,张君霞少年张君霞少年
Mon Jun 14 09:27:45 +0800 2021,5897722039,弥彰-smily,去年十月离职青岛大连武汉南昌福建玩了一圈期间考了国考和省考目前还在家里玩感觉去上班会不适应允悲
Mon Jun 14 09:27:34 +0800 2021,3888013405,天生风流中来,我不是不爱上班我爱忙碌的充实的工作友好的同事还可以的报酬但问题是现实里工作各种问题就算了同事还不咋地报酬更是跟我劳动力不匹配很烦人
Mon Jun 14 09:27:25 +0800 2021,3905663936,MISS12080,有钱才行吧
Mon Jun 14 09:27:23 +0800 2021,5323891191,Da胆叼民敢害朕,还有一种长期不上班叫家庭主妇微笑
Mon Jun 14 09:27:18 +0800 2021,5678105791,飞咪66,
Mon Jun 14 09:27:15 +0800 2021,2249621494,V你踩到我的尾巴了V,姜的姜姜的姜
Mon Jun 14 09:27:11 +0800 2021,5640201926,妄想症一号患者,崩坏的猫崩坏的猫少活年得有
Mon Jun 14 09:27:05 +0800 2021,1710546303,selmen温忆兒,我端午节还要上班被老板剥削好想死哎我曾经也是有五六十万存款我不知足去投资就全亏了还倒欠着几十万哎早知道我拿着几十万不上班玩他妈的几年就好了现在一无所有全是悔恨啊
Mon Jun 14 09:26:49 +0800 2021,5640201926,妄想症一号患者,李梦雨李梦雨
Mon Jun 14 09:26:28 +0800 2021,2254128310,琪琪怪怪的呀ZXHQ,妮妮妮妮儿啊妮妮妮妮儿啊准备长期不上班了吗
Mon Jun 14 09:26:28 +0800 2021,6350022869,彼·得潘与辛德瑞拉,总有人能吃两份饭总有人能吃两份饭猕猴桃不是桃儿啊猕猴桃不是桃儿啊白鱼白鱼
Mon Jun 14 09:26:16 +0800 2021,6425205089,齐天大圣Ann,上班不是必选项自己找到平衡就好
Mon Jun 14 09:26:15 +0800 2021,6008459095,是牛牛香,金钱不足以支持我长期不上班呀
Mon Jun 14 09:26:12 +0800 2021,7361294275,Luckly_Chen_4978,吃过最大的苦就是上班
Mon Jun 14 09:26:11 +0800 2021,3198357942,棉花糖飞不起来,咕噜咕噜小面包咕噜咕噜小面包
Mon Jun 14 09:26:07 +0800 2021,3870843562,春中廿三,小朋友小朋友你真棒小朋友小朋友你真棒看看人家
Mon Jun 14 09:25:56 +0800 2021,3921598806,我在和猫说话阿,我以为是什么励志小短文万万没想到
Mon Jun 14 09:25:51 +0800 2021,2941875003,陈宝宝III,财富自由我也不想上班自己开个店经营下也不会与社会脱轨主要是自由无拘无束不被领导单位的规章制度管
Mon Jun 14 09:25:50 +0800 2021,5516270792,徐新宇er,有钱人还上个毛的班
Mon Jun 14 09:25:46 +0800 2021,5609804385,多乐飞儿,这种宣传啃老族
Mon Jun 14 09:25:44 +0800 2021,5385552310,白白浅灰60087,我从高中毕业到现在年了就没有上过一天班都是当个淘宝小卖家以前过得也很滋润现在好难
Mon Jun 14 09:25:39 +0800 2021,7212864149,JJLeong92,长期不上班要注意运动不然经期会失调
Mon Jun 14 09:25:38 +0800 2021,6290165284,灵魂本幽默,能把那个括号括上吗贼难受
Mon Jun 14 09:25:38 +0800 2021,1639845625,bubbleyokki,哈哈哈是
Mon Jun 14 09:25:17 +0800 2021,6460645835,发誓要早睡早起的小魏,根号二十三王子根号二十三王子加油
Mon Jun 14 09:25:13 +0800 2021,7070635452,毛利小三郎哈,哈哈哈哈哈我妈妈就是别人根本看不出她的年龄都觉得她好年轻
Mon Jun 14 09:25:07 +0800 2021,6182565148,奇变偶不变qyl,符号看象限符号看象限
Mon Jun 14 09:25:04 +0800 2021,7486431071,Just·Go,长期不上班难道不是那些资本家少挣一些钱
Mon Jun 14 09:25:03 +0800 2021,2389089102,想当读书人的小J,宣扬的什么价值观
Mon Jun 14 09:24:53 +0800 2021,2232062761,么一嗷嗷嗷,那全社会都认同你你说的都对都不上班了不就乱套了自由职业也是上班也是打工不要混淆概念了五十岁没固定工作没房子没孩子没存款不知道到时候在民政救助点拿补助的时候能有多漂亮裂开别杠我杠就是你对
Mon Jun 14 09:24:52 +0800 2021,2668826041,妙裙,敏哥敏哥
Mon Jun 14 09:24:47 +0800 2021,5689968049,我不是莉莉安LLAn,
Mon Jun 14 09:24:43 +0800 2021,5612221164,spinloop,我说说长期加班的福报吧头发明显比以前少很多身材走样皮肤变差没太多时间和人维系感情健身卡退了滑板不玩了颜料送人了好多书到现在塑封还没拆新入的游戏没下载过阳台上的植物换成了假的周末买多的食材用不完很有可能会放坏掉这就是一个普通打工人的日常
Mon Jun 14 09:24:34 +0800 2021,5061940169,江清月近人灬,你用极少数人的例子劝诱绝大部分人躺平吗用心险恶
Mon Jun 14 09:24:25 +0800 2021,2143193627,欧尼乆乆,不上班的快乐你根本想象不到好久不上班了明天就要开始上班了真接受不了泪泪泪
Mon Jun 14 09:24:22 +0800 2021,6326903022,徐十三Q,
Mon Jun 14 09:24:22 +0800 2021,6440129088,_GaoBo_,是深秋呀是深秋呀
Mon Jun 14 09:24:21 +0800 2021,5650658576,遵纪守法的无辜变態,酸橙橙橙多酸橙橙橙多我羡慕了
Mon Jun 14 09:24:14 +0800 2021,5353872073,赵大地R,同不上班在家工作两年多整个人都自信上个月就特别想去上班结果上了一周憋了满脸痘果断又辞职了
Mon Jun 14 09:24:12 +0800 2021,3561013204,每天一杯奶茶的大飞妹妹,我老公没人生目标在家躺尸希望他能玩手机猝死
Mon Jun 14 09:24:08 +0800 2021,5622943553,小贾同学的朋友圈,佳佳佳佳佳佳佳佳
Mon Jun 14 09:23:58 +0800 2021,5599711194,不然来点可爱吧,大约是只桃子鸭大约是只桃子鸭
Mon Jun 14 09:23:53 +0800 2021,7586846029,会听话的对吗,快乐
Mon Jun 14 09:23:49 +0800 2021,7347935185,漫长的白日梦___,还行吧朝九晚五有双休每天工作划划水贼舒服
Mon Jun 14 09:23:45 +0800 2021,5384628528,春深半夏好好生活,不上班又在自己要的维度不缺钱用才是关键污
Mon Jun 14 09:23:43 +0800 2021,5853678277,0416星球的安歌,疫情不上班的那大半年我不脱发了身板越来越直整个人充满了活力微笑
Mon Jun 14 09:23:42 +0800 2021,5172810112,覃言覃语,什么昵称才能吸引帅哥的注意什么昵称才能吸引帅哥的注意赚够钱咱也不上了各地区玩嘻嘻三胎是不可能的
Mon Jun 14 09:23:35 +0800 2021,5542559211,吧嗒--,这更不想上班了泪
Mon Jun 14 09:23:32 +0800 2021,1590575622,你家的新爸爸,白白山白白白白山白白
Mon Jun 14 09:23:29 +0800 2021,1923735007,李言Kyledude,是我吖是我吖
Mon Jun 14 09:23:20 +0800 2021,5874563348,我身上带着光i,同样不上班半年更有规律有计划休息得也好从瘦到上班都是被否定而且他们也不喜欢你变好一样各种内卷辞职了自己分析总结收益率上去了也稳健得多有时候想想上班发展的路途不仅遥远而且很容易玩班丧志在那之前一定得把以后自己的目标计划清楚找工作千万别急了
Mon Jun 14 09:23:20 +0800 2021,5791289556,六元是个歌唱家,这也能上热搜疑问
Mon Jun 14 09:23:18 +0800 2021,5484488994,橘子羊乐多_,就算你说的是真的你用这种极个别的情况来宣扬不上班会得到升华你好像在放那个大吧你看看其他博主发的吧
Mon Jun 14 09:23:12 +0800 2021,5445823223,s香草美人s,潦了潦了不想上学上班了
Mon Jun 14 09:23:12 +0800 2021,5540575406,壁咚的狗狗,可乐味的旺旺碎冰冰可乐味的旺旺碎冰冰
Mon Jun 14 09:23:09 +0800 2021,3869454385,麗子不语,给我一打福灵剂给我一打福灵剂
Mon Jun 14 09:23:07 +0800 2021,1927787195,果毅力行丹,有钱有闲放飞自我
Mon Jun 14 09:23:03 +0800 2021,6315925665,20XX_PLK,几一菌菌几一菌菌
Mon Jun 14 09:23:03 +0800 2021,2836767323,丫D丫hah,不上班会很爽一直不上班会一直爽我之前有些不太同意适当旅行会让人放松星期更好投入工作的观点后来我受不了工作裸辞了然后玩了一个月虽然积蓄都花光了三个月不进粮了但是我工作的心态没那么暴躁了整个人都开心了好多心态都变了我决定以后都要及时行乐
Mon Jun 14 09:23:02 +0800 2021,2445065955,朵朵是只小金牛,李美丽废话特别多李美丽废话特别多如何是好
Mon Jun 14 09:23:01 +0800 2021,2203077607,靛蓝小孩RachelY,图片评论评论配图
Mon Jun 14 09:22:58 +0800 2021,6655009777,万里挑一的小仙女201808,求饶求饶我的梦想但是我一毛存款都没有
Mon Jun 14 09:22:54 +0800 2021,6003981796,Mulinoke,我也想有一天这样你快努力
Mon Jun 14 09:22:50 +0800 2021,6208508836,杨杨宝宝1,我现在我妈化疗辞职照顾她了是挺闲的但时候也会无聊
Mon Jun 14 09:22:40 +0800 2021,2360212903,小丸子每天要好好生活,看看评论里的别人不上班都在干嘛
Mon Jun 14 09:22:39 +0800 2021,3064698621,QuentinVZ,分情况像我这种俩孩子的爹处于创业中期一天不上班就焦虑
Mon Jun 14 09:22:35 +0800 2021,1512839240,思敏Perth,我有同学自从年疫情后就不上班男的每天就宅家里不出门吃住家里的也不怕没钱有父母养每天就玩游戏问他不无聊吗他说挺好的允悲我想如果我是他妈肯定把他扔天桥底让他自生自灭
Mon Jun 14 09:22:35 +0800 2021,6937717830,就叫我阿廖纱吧,不工作才是真正的空虚
Mon Jun 14 09:22:35 +0800 2021,5459509384,我爱豆是我的人生导师,看明白了首先要先把积蓄攒够然后单身因为结婚了钱就像进了无底洞
Mon Jun 14 09:22:28 +0800 2021,1771939565,小思求转运,动迁拿个几百万
Mon Jun 14 09:22:20 +0800 2021,7311103567,郁青v5,这种毒鸡汤看看就好连品一下都不要
Mon Jun 14 09:22:19 +0800 2021,3185750301,跳跳咪酱宝贝,我现在就是一年多没有上班真的久了之后就越不想上班感觉每天都有事做不会觉得无聊
Mon Jun 14 09:22:16 +0800 2021,3535103123,躲不过悲欢离合,毒鸡汤鉴定完毕
Mon Jun 14 09:22:12 +0800 2021,5979104223,昰小王吖,我没上班没工作个月了笑我快穷死了
Mon Jun 14 09:21:59 +0800 2021,1627543432,gt-Ariel,自从做了大学老师有了非常多自己的时间之后我也觉得自己变得更年轻了每天早上醒来想到的第一件事不是不想上班太累了而是今天要学点什么好玩的东西呢我始终觉得工作只是人生中的一部分千万不要让工作占据生活的全部呀心
Mon Jun 14 09:21:53 +0800 2021,2276193941,路航你压到我头发了,郑茜爻是我女朋友郑茜爻是我女朋友笑死真是这样吗
Mon Jun 14 09:21:52 +0800 2021,2452397912,劳拉的小小星,原来我才是那个上班的苦逼裂开
Mon Jun 14 09:21:48 +0800 2021,5736690797,azureAzula,毒鸡汤
Mon Jun 14 09:21:42 +0800 2021,1967646667,爱生活的芸姐,不上班的第年两姐弟的妈没事陪陪孩子没事到处旅游偶尔处理下家里的各种事情包括自己家里工作的事情理财护肤逛街买买买没事打下小麻将没事约三两朋友小聚每天都很开心很充实不上班很笑而不语笑而不语不用加班不用焦虑有事做事没事就自己嗨嘻嘻
Mon Jun 14 09:21:30 +0800 2021,6178874095,天才子,这刚编的鸡汤不一定谁都喝的下去
Mon Jun 14 09:21:20 +0800 2021,1907923787,我觉得我还是叫戴戴好了,
Mon Jun 14 09:21:19 +0800 2021,5675230220,酒畅开怀,可是我这种死肥宅不上班的话就是天天熬夜一天到晚都玩手机吃垃圾食品泪
Mon Jun 14 09:21:17 +0800 2021,3292005501,-YANGWYAN,不上班身体轻松精神焦虑要是有钱那我肯定不上班啊
Mon Jun 14 09:21:04 +0800 2021,2052809890,Lynn家铺子,只身一人不危险吗
Mon Jun 14 09:21:03 +0800 2021,2786755242,在考试的路上跑的好变态的神经质,华裳舞一曲华裳舞一曲
Mon Jun 14 09:20:50 +0800 2021,6589998041,楠子在英国,慕了
Mon Jun 14 09:20:48 +0800 2021,2083257407,九水水or李海水,脑脑是甜甜不能吃甜甜脑脑是甜甜不能吃甜甜
Mon Jun 14 09:20:47 +0800 2021,3077893903,solo_to_,心之向往愿之方向心之向往愿之方向
Mon Jun 14 09:20:47 +0800 2021,5143360130,碎碎念的小王吖-,不是想上班只是不上班没办法赚钱
Mon Jun 14 09:20:44 +0800 2021,1859014975,小麻哒-Flora,我的终极目标不上班各种条件都具备了只是父母不同意我听话只是不想惹他们生气而已
Mon Jun 14 09:20:38 +0800 2021,1973138385,Karen薄荷-,哈哈哈哈哈哈哈这不就是我吗从月玩到月不上班的日子我的变化是晒黑了
Mon Jun 14 09:20:21 +0800 2021,1876093607,一五吴5,没有钱就不要随便谈诗和远方
Mon Jun 14 09:20:11 +0800 2021,6519671216,是何坤大大,我很喜欢这句话小羊爱吃酱肘子小羊爱吃酱肘子每朵花最后都会谢但它们还是会拼尽全力开一次世卫关心你世卫关心你可是等钱花完了不就又回到了初始状态了吗
Mon Jun 14 09:20:11 +0800 2021,1961614917,爱谁谁SO,嘿嘿不上班本来就会变美
Mon Jun 14 09:20:04 +0800 2021,7400622503,a-peony,我现在就是在家待业太舒服了越来越不想找工作了跪了
Mon Jun 14 09:19:59 +0800 2021,2265842727,Aggie_江雪,这么说吧从我开始上班就开始长白头发太难了家庭条件也不能够说说不上就不上上了班肉眼可见的变老了
Mon Jun 14 09:19:50 +0800 2021,5328856874,cba魔198311,博主说不上班不工作我寻思你就算自由职业自主创业一样要上班啊疑问顶多是为自己打工不是为老板打工时间地点自己安排而已那你标题直接起为自己打工多好多好就得了呗何必这样带偏他人摊手评论区一堆人在想不工作也有钱花
Mon Jun 14 09:19:46 +0800 2021,5868033651,-柳叶儿遮满天-,北京市热心网友小周北京市热心网友小周不上班不得爽死我
Mon Jun 14 09:19:43 +0800 2021,1206156942,谷射虎,过什么样的生活只要你不焦虑就行不上班也不完全就是舒服本人根本没上过班也不缺钱花但也没觉得一直快乐所谓那些不上班还能维持生活的大多也是赚钱的只要涉及赚钱不可能轻松那些很有钱不用再废力赚的是极少数他们很多人也是会重新找事做长久闲着和长久上班都会让人不适
Mon Jun 14 09:19:25 +0800 2021,6086405835,没事别找事遇事别怕事,如果我有足够的经济能力还不拖家带口的那我肯定会选择到处游玩允悲
Mon Jun 14 09:19:19 +0800 2021,6327062950,栩栩Es,尔思尔思
Mon Jun 14 09:19:09 +0800 2021,1868267423,打工人一定要勇敢,这不是不上班导致的这是随心所欲导致的凡是想做什么就做什么不想做什么就不做都可以让人快乐年轻但是只要我们回到现实面对工作婚姻孩子等等这些就完蛋除非你可以一辈子都不工作不结婚不生孩子将来也不照顾年老生病的父母完全为己的活着
Mon Jun 14 09:19:08 +0800 2021,1883239541,CheeseLand,成为星星有棱有角还会发光成为星星有棱有角还会发光
Mon Jun 14 09:18:57 +0800 2021,6160962174,小张加油搞科研,羡慕
Mon Jun 14 09:18:51 +0800 2021,5242000922,杜芳辉要变白,以为结果
Mon Jun 14 09:18:51 +0800 2021,1732210375,楠_deng,问题要够钱啊
Mon Jun 14 09:18:42 +0800 2021,5973497172,1018噢Z,对于我就是不上班等于叫花子笑
Mon Jun 14 09:18:26 +0800 2021,1909186457,-Yannis_Ti,此人素质极好此人素质极好
Mon Jun 14 09:18:15 +0800 2021,2817360012,水丁木木-,水丁木水丁木
Mon Jun 14 09:18:12 +0800 2021,5631228312,我与世间同有你,这是很多人梦想中的生活但这也同样并不是谁都可以这么潇洒
Mon Jun 14 09:18:11 +0800 2021,5459979497,逃離地球ouo,多读书多看报的小宗多读书多看报的小宗江户川梨江户川梨泪
Mon Jun 14 09:18:09 +0800 2021,1861163894,Libra_LLer,简直是我的梦想了
Mon Jun 14 09:18:02 +0800 2021,3142231205,Kris_kki,会变得快乐兔子
Mon Jun 14 09:18:02 +0800 2021,1508036242,我是猴子猴子猴子请来的救兵,这是长期不上班出去玩长期不上班带娃试试
Mon Jun 14 09:17:57 +0800 2021,1779972983,Mako丶kop7,说实话也不要太多我要是有个万我就不上班了在家待着偶尔出去旅个游吃点好吃的学点自己想学的技能没事踢踢球多好
Mon Jun 14 09:17:58 +0800 2021,5715380567,熄灯就睡觉00,会很快乐吧
Mon Jun 14 09:17:57 +0800 2021,3544219967,s98125,红烧肉和地瓜紫薯丸红烧肉和地瓜紫薯丸
Mon Jun 14 09:17:56 +0800 2021,1104248211,Danie_In,一坨蛙哇仔一坨蛙哇仔赞
Mon Jun 14 09:17:49 +0800 2021,6854033310,家大业大的爱,我遇到过一个生了三胎的不上班离婚朋友圈天天见出去旅游住的都是酒店我就不明白同一个城市怎么人家赚那么多钱
Mon Jun 14 09:17:49 +0800 2021,6513197778,萨拉拉s,如果是我的话一定会腰间盘突出颈椎突出头痛恶心浑身无力胃也变差上班是唯一一个支持我生活规律的事情
Mon Jun 14 09:17:47 +0800 2021,5966665492,南国不南国,想要被分享如何发财之道
Mon Jun 14 09:17:42 +0800 2021,1850715601,用慢的心看快的世界,我也不想上班了如果没在这地上班其他工作也挺好
Mon Jun 14 09:17:35 +0800 2021,2950687925,于是成了白龙马,是真的我不上班的半年我朋友见到我都说我皮肤变得很好了
Mon Jun 14 09:17:35 +0800 2021,2867481464,西溪彭昱畅,西政博士圈西政博士圈大以巴猫大以巴猫
Mon Jun 14 09:17:31 +0800 2021,1104248211,Danie_In,国民第一初恋国民第一初恋
Mon Jun 14 09:17:24 +0800 2021,5176905221,我爱你不知如何爱何时爱打哪爱呀,小宁小宁
Mon Jun 14 09:17:23 +0800 2021,7407560791,池柒鴎汀,评论为什么那么多人觉得不上班的话就只能呆在家里整天吃饭睡觉熬夜看剧啊没有朋友吗没有朋友不会出去找吗哦对了熬夜是你自己不自律你这样就算上班也不会好
Mon Jun 14 09:17:23 +0800 2021,2904753263,懒懒小学生,我有半年没上班感觉没有自信心了也感觉和社会脱节了
Mon Jun 14 09:17:08 +0800 2021,5468725419,悦子嘉BB,社保咋办
Mon Jun 14 09:17:08 +0800 2021,2256634703,bobo-杰,前提是这个人有自律性保持着与外界交往否则他就会天天躺床上玩手机天天宅宿舍看视频玩游戏越活越憔悴
Mon Jun 14 09:17:03 +0800 2021,1850715601,用慢的心看快的世界,这样也挺好的
Mon Jun 14 09:16:58 +0800 2021,6087690870,NNuii,冬素廿四冬素廿四
Mon Jun 14 09:16:56 +0800 2021,6594057894,闻迪依旧28,真实
Mon Jun 14 09:16:33 +0800 2021,7014345644,七昂2020,小羊爱吃酱肘子
Mon Jun 14 09:16:29 +0800 2021,2942863231,AKABigDream,是我去年做手术一个月没去上班人人都说我皮肤细腻有光泽
Mon Jun 14 09:16:28 +0800 2021,5122803012,我不要做被时间控制的木偶,至少多关注自己的思维深处是对的
Mon Jun 14 09:16:22 +0800 2021,5527139518,想不到好听的昵称那就这样了,是的我也单身但如果我不用顾虑父母我也可以这么做
Mon Jun 14 09:16:21 +0800 2021,5596707389,小淘气北鼻,我也不上班了我也感觉我越变越漂亮了
Mon Jun 14 09:16:18 +0800 2021,5646950345,毒药很厉害,我也想不上班
Mon Jun 14 09:16:04 +0800 2021,3498335034,海风也无眠,长期不上班我会颓废我是渴望上班的人一想到自己能有所收获去帮助自己爱的人我就跟打了鸡血似的
Mon Jun 14 09:16:02 +0800 2021,1916226912,雨晴雪飘玫瑰花灵,真的不上班的我确实状态越来越好了
Mon Jun 14 09:16:00 +0800 2021,2934805701,豆芽很香菜,这就是我想过的胜过
Mon Jun 14 09:15:57 +0800 2021,5484488994,橘子羊乐多_,什么叫不上班不工作没收入啊不说所有就针对博主编的这个故事来看她所谓的这个姐妹就是个上班族啊就是辞职了没收入啊
Mon Jun 14 09:15:46 +0800 2021,6523001955,理工M的Utopia,一位瑜伽大师一位瑜伽大师
Mon Jun 14 09:15:44 +0800 2021,2833243233,Hi_娟丫頭,再过天我也不上班了回家专业练画画
Mon Jun 14 09:15:43 +0800 2021,6452637981,PiiBaHodxm,呜呜呜看见我的奶茶了吗呜呜呜看见我的奶茶了吗
Mon Jun 14 09:15:37 +0800 2021,2885396640,喵喵大仙儿,不三妹妹妹不三妹妹妹你哈
Mon Jun 14 09:15:35 +0800 2021,2879178932,试酒-W,我不上班还挣钱但我父母总觉得我没有工作他们愁得头发都要掉了我也愁得头发都要掉了
Mon Jun 14 09:15:28 +0800 2021,2796643743,思若殇,看到篇讨论我也想辞掉工作长期不上班可我的经济实力不允许允悲
Mon Jun 14 09:15:01 +0800 2021,7458740264,诞于月亮勾,目标人生太开心
Mon Jun 14 09:14:57 +0800 2021,2655651170,会省钱的哈士奇,穷
Mon Jun 14 09:14:51 +0800 2021,2809635047,GOGO-鑫,会很舒服
Mon Jun 14 09:14:36 +0800 2021,2366384843,哎呦我的吗呀,璐子璐子
Mon Jun 14 09:14:19 +0800 2021,5713348923,白桃冰了以后再喝汽水O_o,就不想上班了除了没钱花别的都挺好允悲
Mon Jun 14 09:14:18 +0800 2021,2308901733,寒衣流年,大净净大净净
Mon Jun 14 09:14:13 +0800 2021,2594668661,Q小可爱姓樊Q,大大米神大大米神
Mon Jun 14 09:14:03 +0800 2021,2661024073,20-21你好呀,没多少存款不叫不上班顶多算休个长假钱花完了再找任何工作能去都觉得香这就是辞职的效果哈哈
Mon Jun 14 09:14:00 +0800 2021,3952355950,东台刘亦菲,我就是不适合上班型二哈
Mon Jun 14 09:13:57 +0800 2021,1809268602,周泽楷在职新娘,不上班一个月专心健身饮食瘦了小十斤兔子兔子
Mon Jun 14 09:13:57 +0800 2021,6579931386,南瓜南瓜小朋友,微博果然是粪坑
Mon Jun 14 09:13:42 +0800 2021,3861500055,冲绳流浪猫pp,纶魂纶魂慕了
Mon Jun 14 09:13:37 +0800 2021,1775850547,JYUUUUUUex,逃跑的炒板栗逃跑的炒板栗
Mon Jun 14 09:13:31 +0800 2021,3036727007,鱼抓虾,咖啡加奶不加糖咖啡加奶不加糖
Mon Jun 14 09:13:28 +0800 2021,1954551757,夏姐姐XD,
Mon Jun 14 09:13:25 +0800 2021,1844574442,我个名有咩唔好,这种鸡汤文我觉得就是纯误导有多少人能有这个资本去玩耍要不是家里有矿在拼搏的年纪选择了安逸后面的路是不打算走了吗
Mon Jun 14 09:13:23 +0800 2021,2390299240,眼睛小的眯成一条缝,郑酸酸郑酸酸
Mon Jun 14 09:13:05 +0800 2021,2805129034,皮皮虾我们走我们走皮皮虾,挖鼻
Mon Jun 14 09:12:54 +0800 2021,2360707063,董_Dong_dong,张小天张小天好像是操作有误翻不到你的啦人生应该充满着你发自内心的快乐与难过不想再假笑啦
Mon Jun 14 09:12:52 +0800 2021,6330745217,今天也要吃雪糕_,达浪不太浪达浪不太浪我觉得做梦才会有这往的日子
Mon Jun 14 09:12:28 +0800 2021,6006463947,睡不醒的焦焦,起不来的李李起不来的李李
Mon Jun 14 09:12:26 +0800 2021,3441877804,睡醒才觉甚爱你,茶凉烫酒茶凉烫酒
Mon Jun 14 09:12:26 +0800 2021,5496686408,Q咪是芒果味儿,这不是我本人吗哈哈哈哈哈
Mon Jun 14 09:12:23 +0800 2021,2952974410,蹦沙卡拉卡其力咔嚓,我觉着大家没必要在这抬杠每个人价值观不同有的人以享受生活感受幸福有些人他就是觉着挣钱才能幸福都没有错我相信博主说的这个故事我也想过这么做攒几年钱再去走走看看但是我也看过我我大伯母一辈子勤勤恳恳不舍得多买件衣服就攒钱她也觉着她挺快乐
Mon Jun 14 09:12:17 +0800 2021,6264779364,暮念君安,今天好好上班是为了尽早不上班嗯端午上班且没有三倍工资的我仍然干劲十足
Mon Jun 14 09:12:00 +0800 2021,6576166765,或许是一只修仙小熊,克里斯托是一只小猴子克里斯托是一只小猴子
Mon Jun 14 09:11:42 +0800 2021,5850681432,每天都要按时睡觉,每周睡不醒每周睡不醒等年龄到了我觉得我们也可以去老早就想去旅游了
Mon Jun 14 09:11:40 +0800 2021,2835202683,吾爱播音,我也是长期不上班发家致富了
Mon Jun 14 09:11:30 +0800 2021,3204641583,宁古耐,郑多发郑多发那不就是去年的我和一直以来的你可怜
Mon Jun 14 09:11:28 +0800 2021,5678874079,笑熬浆糊970,长期不上班就得有实力雄厚的背景不然怎么生活啊
Mon Jun 14 09:11:27 +0800 2021,1371923044,朵妹上学记,我没上班的时候季节性咳嗽都没有犯不上班真的很爽啊心情舒畅
Mon Jun 14 09:11:26 +0800 2021,5384949824,我是透明帝,重点是长期不上班是为了什么全职妈妈的我就完全相反
Mon Jun 14 09:11:21 +0800 2021,1783961437,琳姐-,允悲好家伙我是真的怕没班上可能因为我穷不上班就没钱跪了让我通过试用期吧
Mon Jun 14 09:11:21 +0800 2021,7320413673,用户不爱改名,评论区还在说不上班不工作不赚钱但是对于大部分人来说上班才是唯一的工作和赚钱方式能让他们安稳度过一生不是每个人都有能力去承担不上班的后果每个普通人都要警惕让你裸辞让你不上班的说辞因为这会让你的人生陷入被动如果你不是普通人当我没说
Mon Jun 14 09:11:17 +0800 2021,3702821071,你别麻烦别人了,李大猫和她的小狗们李大猫和她的小狗们挤眼
Mon Jun 14 09:11:14 +0800 2021,7616620445,根正苗红打工人,上班老的快压力大加上内卷谁愿意上班似的当你没有价值的时候只能被工作榨干
Mon Jun 14 09:11:12 +0800 2021,1974673917,千万不能胖啊,国际瞎耽误巨星张有病国际瞎耽误巨星张有病怪不得老子看你皮肤越来越好
Mon Jun 14 09:11:10 +0800 2021,1772322267,Colin_9,长期不上班当然很爽前提是你确实不是单纯的想懒在被窝而是真正的去做没做过的自己
Mon Jun 14 09:11:10 +0800 2021,3536831484,自由的爱慕者,最直接的后果就是没有钱花笑
Mon Jun 14 09:11:07 +0800 2021,5913609222,WKyung-,野外合作社的复活有一句歌词如果一年都是闲暇的假期那么努力也将毫无意义
Mon Jun 14 09:11:02 +0800 2021,7265828953,爱喝旺仔的佩洁,难道就我一个人长期不上班就不想
Mon Jun 14 09:11:01 +0800 2021,6997123675,直尺派,生活是自己的一辈子想怎么过就怎么过
Mon Jun 14 09:10:48 +0800 2021,5662449734,小雨不是雷阵雨,星星星星小呆星星星星小呆哈哈哈哈哈哈哈
Mon Jun 14 09:10:46 +0800 2021,6132460864,旺仔牛奶糖疙瘩,我之前不上班也是心理越来越舒服然后不会暴饮暴食越来越瘦皮肤越来越白状态特别好上班后彻底没了
Mon Jun 14 09:10:46 +0800 2021,6059472194,Tortorland,山的樱山的樱什么后果念一下我瞎了
Mon Jun 14 09:10:39 +0800 2021,3537852775,要疯了007,这种消遣的方式很多人都羡慕但只是短暂的钱花光了还不得和平常人一样赚钱除了家里有矿的
Mon Jun 14 09:10:38 +0800 2021,2263912377,丶哎哟喂呀-,兮兮要努力呀兮兮要努力呀
Mon Jun 14 09:10:36 +0800 2021,3708314960,新年快什么,边尾边尾边尾边尾笑死
Mon Jun 14 09:10:17 +0800 2021,1653746674,我是一颗菠萝精,裸辞一个月到处吃喝玩乐积蓄完全够我逍遥个几年但是一想到想要尽快把社保缴满年提前退休我又滚去上班了
Mon Jun 14 09:10:05 +0800 2021,5681499114,Dou_在人间摸鱼,评论的姐妹可以分我一个嘛
Mon Jun 14 09:09:59 +0800 2021,3807710936,北方星辰1231,居然把不上进说的这么心安理得
Mon Jun 14 09:09:58 +0800 2021,3657763383,执着却也迷途,沙漠骆驼沙漠骆驼升华就好
Mon Jun 14 09:09:57 +0800 2021,3512577375,海水不要浪,屁话一堆这原因跟结果完全是弱相关的
Mon Jun 14 09:09:54 +0800 2021,2390178815,HS_努力努力再努力,
Mon Jun 14 09:09:46 +0800 2021,2324388143,Owen-tao,南城向南南城向南
Mon Jun 14 09:09:32 +0800 2021,6471221731,Pluto和他的Charon,啊啊啊啊叫什么好呢啊啊啊啊啊叫什么好呢啊
Mon Jun 14 09:09:30 +0800 2021,2730947703,褐鳍,是萌萌的树袋熊啊是萌萌的树袋熊啊超级聪明懿超级聪明懿
Mon Jun 14 09:09:29 +0800 2021,1772160962,X熊熊熊X,我现在的工作就非常闲工资少一点但每天很多时间昨天和朋友们聚会都说我整个人看起来开心多了容光焕发
Mon Jun 14 09:09:25 +0800 2021,6044653549,西遇尘ing,对于一个男的来说除非家庭经济支撑亦或者不用上班有稳定经济来源不然哪怕自己创业也都是比上班更不容易的
Mon Jun 14 09:09:22 +0800 2021,5676966323,Hohohhoo-,会导致回来之后干不完的活
Mon Jun 14 09:09:21 +0800 2021,1862603347,做自己的_小太阳,晏峤呀呀呀晏峤呀呀呀
Mon Jun 14 09:09:18 +0800 2021,2208569864,哆啦A梦-CFA英短猫舍深圳惠州,实现财务自由了完全可以不上班啊有的人上班不是因为喜欢那是不得已谁不想自由支配自己的时间
Mon Jun 14 09:09:14 +0800 2021,6983811052,刘宇宁你吃了没,羡慕这种生活每天重复着同样的三点一线的确很枯燥有时候真的想放下所有的事情随便去一个地方但是我觉得自己都要不知道怎么玩了
Mon Jun 14 09:09:05 +0800 2021,5676966323,Hohohhoo-,会导致失业
Mon Jun 14 09:08:57 +0800 2021,1878022792,吱吱肉圆,不上班以后需要吃软饭
Mon Jun 14 09:08:48 +0800 2021,2210942457,-外外,你的慧甜你的慧甜
Mon Jun 14 09:08:46 +0800 2021,5748328624,好想有点甜,你也喜欢吃鸭头吗你也喜欢吃鸭头吗韩啵啵韩啵啵
Mon Jun 14 09:08:42 +0800 2021,2154193550,王_多鱼yu,肉眼可见皮肤好心情好状态好显年轻虽然工资卡余额少点但是足够温饱爽歪歪
Mon Jun 14 09:08:39 +0800 2021,6192614033,几个梅吉,
Mon Jun 14 09:08:39 +0800 2021,5844177903,凌之玲珑,这是大实话
Mon Jun 14 09:08:36 +0800 2021,5192670309,刘槑槑2,宝涵着小宇宙的我宝涵着小宇宙的我
Mon Jun 14 09:08:34 +0800 2021,5230485961,班崽的崽,快乐
Mon Jun 14 09:08:35 +0800 2021,2674989030,啷里个啷啷balabala,深有体会同事没辞职之前整个人看起来就是灰沉沉现在辞职了在家里给两个孩子做饭给自己姑娘天天编各种各样的头发虽然很忙但是整个人从里到外透漏着光就是光耀眼的那种和我们这帮上班的人真的鲜明对比
Mon Jun 14 09:08:32 +0800 2021,6335330985,Grou_Lili,不上班当然会让人变快乐啊
