1719349645,卮言曼衍出,女,其他
2620648747,上海松江发布,男,上海 松江区
1649155730,龚文祥,男,广东 深圳
5502600566,是柒小姐啊,女,山东
2864110582,七屁坨,女,其他
6078562289,月亮湖视频,男,湖北
7053475177,魔女月野_,女,湖南 长沙
1649155730,龚文祥,男,广东 深圳
2370784220,沈哥n,女,江苏
1660881731,团结紧张胖头鱼,男,海外 芬兰
1941073073,-草莓味的可爱-,女,浙江 杭州
5473941628,吉安消防,男,江西
3911617807,西安中院,男,陕西
1870549587,新浪山东头条,男,山东
1974561081,网易财经,男,北京
2614952174,抖莱咪珐嗖啦,男,江西
5766861971,泷九L,男,山东
5349906164,积极思考的悲观主义者,女,河北 石家庄
5366941041,怪味豆r,女,其他
2281874261,陈眠CHT,女,辽宁 营口
1974561081,网易财经,男,北京
2723827643,范范要长胖,女,其他
2651262981,绿色青浦,女,上海 青浦区
1913938024,营养师李丽妮,女,重庆
3924812700,中原盾,女,河南 郑州
5710954940,咣咣L很nice,女,四川 达州
5675253979,漂流小铺子,男,北京
6648750563,正义的史官,女,上海 黄浦区
5608245108,想泡到李易峰,女,其他
2302379500,小陈淑,女,河南 郑州
1918566745,心理咨询师明一,男,福建
2826048342,Val豆豆,女,浙江 杭州
1235532021,麻噻客,男,北京 海淀区
2281325850,日叶不修君莫笑,女,其他
3739238537,爱读书的励志哥,男,山东 烟台
2949246111,月神et_soul,女,湖南 长沙
1763594662,半晌余欢,男,海外 加拿大
6303095114,整形院长常明,男,四川
6303095114,整形院长常明,男,四川
3925081345,格林镇的七个七七,女,浙江 杭州
3831855215,碧缇福美牙仪代餐粉竹子带你飞呀,女,重庆 渝中区
6519711616,央区阿盛,男,北京
2821638943,学习专家九哥,男,海外
6078562289,月亮湖视频,男,湖北
1979775303,君无xi彦,女,陕西 西安
1624627681,VegetarianJj,女,其他
1301155192,一只不高冷的小喵咪,女,天津 保税区
2894782431,算命先生有点胖,男,四川 成都
1649155730,龚文祥,男,广东 深圳
5915255143,闲着没事就想改个id,女,其他
3042973207,圈歌在这里,女,江苏
7599708610,没有,男,其他
5582306138,崔宝栋,男,辽宁 鞍山
2212188093,猪小屁之家,男,海外
2566246282,不要谈爱谈钱就好,女,湖北 武汉
3028372964,稀奇很稀奇,女,北京 西城区
5553648176,一封回信·,女,其他
5784528044,YongForever89-媛y,女,广东 湛江
3796780977,小郑最勇敢啦,女,其他
7531120876,不如我们从头来过ll,女,其他
1516718782,皮球花卷的麻麻,女,四川 成都
2160996730,superluckylian,女,广东 东莞
6760371368,深蓝航迹十月,女,北京 房山区
6078562289,月亮湖视频,男,湖北
1752197282,粉嘟嘟努米团子,女,上海
3844489418,只要去冰奶茶,女,重庆
1898323124,山西平安杨俊伟,男,山西
1898323124,山西平安杨俊伟,男,山西
1794294607,珍妮料理,女,云南 大理
3506208924,是潘多拉小姐吖,女,浙江 杭州
5626482035,老王说干货,男,北京
6328777655,ins美图录,女,福建
5943262685,咆哮的小清新灬,男,湖北 武汉
6995325546,鱼太闲,男,北京 东城区
7562289407,阿星不打烊,女,广东 广州
2091081121,小素子呀,女,北京
5070411221,不知道叫什么好了啊,男,四川 成都
3362575712,大粽主-1,男,浙江 宁波
2370142823,名字要甜甜甜甜甜甜的,女,上海
1650363317,HRsalon,男,上海
1734024817,电影DJ蛋神,男,广东 广州
7119939099,有趣有料的阿蓝,女,广东 广州
7266900657,聊个车L同学,女,北京
1015799134,MissKobeGigi,男,其他
1231989110,梦在南方9899,女,辽宁 沈阳
5512809973,April大金,女,北京
1662218141,呐么豁条,女,其他
5810668040,瘦子的艺术,女,福建
2803611623,最后一个处方,女,湖南 长沙
2646984393,毒鸡汤语录集,女,香港 中西区
6906195577,小月先贝105,女,辽宁 沈阳
2472001584,圈圈和糖妈,女,陕西 西安
2474709167,天很懒风很散,女,安徽
5408364552,神探Bobby,男,海外 马来西亚
2767586321,掰一块月亮泡茶,女,内蒙古 赤峰
3268017223,kelly_Realbe,女,浙江 杭州
1656738115,青菀啊,女,北京 海淀区
5408364552,神探Bobby,男,海外 马来西亚
2767586321,掰一块月亮泡茶,女,内蒙古 赤峰
3268017223,kelly_Realbe,女,浙江 杭州
1656738115,青菀啊,女,北京 海淀区
3190367720,燕教授代餐咖啡益清元-苏麦,女,广西 南宁
3967052604,VICO频道,男,北京
5404683573,李S爱学习,女,其他
5913541641,翛逸VV,女,北京
1267775677,麻宁,女,北京 东城区
1987105705,朱滢洁zz,女,北京 东城区
1412773094,巫昂,女,北京 东城区
3710443751,偷心大王丶,男,吉林 长春
3279295554,沫卉艺,女,广东
5680808390,焦焦不自知,女,河南 濮阳
1891026124,阿羡的小兔兔,女,山西 太原
2194469423,冬怀鸣虫君,女,其他
5386094743,416号小疯癫,女,海外 斯洛文尼亚
5731549374,chen开始看多看看打开,男,其他
1158599865,你的浩宇Eric,男,北京
5890484621,绿色香菜的猫,女,广东
3680639981,心想事成百毒不侵,女,其他
1897723622,法治四川,男,四川
7035951266,ATUHHH,女,香港
5982733533,是崽崽子呐,女,海外
6215292720,云不知故里,女,上海
3486510475,嗖嗖求职,男,江苏 南京
5284488134,月月酥酥-,女,湖南 长沙
6276346464,河北博物院,女,河北
7470400989,通辽市文旅广局,男,内蒙古
3162082812,潮梦,男,其他
5043227589,俄罗斯灰摩卡,男,海外
3668581660,迷死他赵,男,北京 海淀区
3061928425,郭果是我,女,山东
1593803463,yes鱼宝贝,女,湖北 武汉
1798572100,左大絮叨,女,其他
3871004636,小静姐Jining,女,湖北 武汉
5982398082,每天离李宇春音乐近一点,女,四川 成都
3224567513,梦游全球生活家,女,湖北 武汉
1279693157,念父,男,其他
5370966889,鸭鸭鸭鸭鸭鸭鸭鸭头,男,河南 新乡
1279693157,念父,男,其他
5370966889,鸭鸭鸭鸭鸭鸭鸭鸭头,男,河南 新乡
2146579790,要变瘦的奇小仙儿,女,广东 深圳
2945394960,抚州资溪发布,男,江西
6400896326,从前慢的小丸子,女,陕西
1618144985,小宝可爱吃糯糯,女,海外 西班牙
2710680561,真的是小艾呀,女,上海
1618437204,花緣的小花,女,北京 东城区
5886617411,鳄鱼十三,男,海外 美国
3109015113,湯雨Kent,女,湖南 长沙
5103065081,绿色是夏天啊,女,其他
1189425332,果大王吴述凤,男,广西 柳州
2602378141,o小逸o,男,湖北 武汉
2107737674,西瓜皮麻麻,女,云南
2897653593,是一只小浣熊呀,女,陕西
6860485998,DC多彩季节,女,天津
2729930037,盘锦消防,男,辽宁
5566862028,一只贩卖黄昏的居居女孩,女,云南 昆明
1715864593,我才是羽度非凡,男,河北
3941647076,TruthOrDareO_o,女,其他
3295595294,胜意胜意呀,女,其他
1813124293,黑眼睛苏珊,女,四川 成都
2024128473,滨州文旅,女,山东
3697594187,桂林消防119,男,广西 桂林
7306909315,香港研究生本科申请小锦鲤,女,上海 黄浦区
1939682450,金华交警,男,浙江 金华
2009850387,期待你回来啊,女,北京
3788169283,去楼顶,女,北京 丰台区
3210924833,我爱这个世界2021,男,海外 美国
1792120361,僧人月下敲门,女,福建 福州
2009850387,期待你回来啊,女,北京
3788169283,去楼顶,女,北京 丰台区
3210924833,我爱这个世界2021,男,海外 美国
1792120361,僧人月下敲门,女,福建 福州
1969030412,哈俠,男,湖北
5494728471,PhDJiangJiang,男,吉林
6544455085,爱吃汤圆的虫虫,女,山东
2519929382,悠然文案课,女,安徽
7003136217,我是一只喵1988,女,海外 日本
1420841140,天狼星alpha,男,湖南 长沙
6207834089,羊122222,女,江苏
5579099589,芜湖月老,男,安徽
5720883282,社恐销售员的营业日常,女,其他
3123721630,长沙消防,男,其他
7565770086,Baidu废话吧,男,江西 九江
5506185677,llsdmn雷蕾,女,其他
7039615755,基金学习墙,男,四川
5480278666,stweetheart,女,河北
1740977095,以为伸手就能够抓住,女,广东 广州
2519929382,悠然文案课,女,安徽
2437138007,济南博警宋健,男,山东 济南
3040916007,王林princess,女,辽宁 沈阳
5666751131,我才不是爱卖萌的柚子,女,其他
7603597565,一点点喜欢也可以,女,其他
1240823514,枉凝眉青丝如许,女,天津 塘沽区
6243593194,cooooonn,男,湖南 长沙
5425985446,临汾消防,男,山西 临汾
5133100611,VangieMm,女,四川
2034834741,LoweGodness,女,其他
2161175684,何玟穎_Rosemary,女,重庆
2161175684,何玟穎_Rosemary,女,重庆
2880114044,荆门消防,女,湖北 荆门
5480412715,兰州微事,女,甘肃 兰州
3303931987,-独行猫与少女-,女,其他
1592150120,爱表的小学生,男,上海 徐汇区
5977583009,月老牵线爱情,女,湖北
1628860034,王泡小泡,男,北京
1750832880,hey-chap,女,福建 宁德
1726925797,miss_leung小姐_,女,海外 美国
5265596169,Amazing果果酱,女,广东
2265571912,揭阳消防,男,广东 揭阳
1108201483,李深白之无聊去西关,男,广东 广州
5879231928,半魔半佛18,男,其他
1783290797,syrupversion,女,海外 美国
3334017434,合肥消防,女,安徽
1880410557,爱亦伤悲,女,北京 海淀区
1825650297,嬛嬛儿,女,福建 厦门
6837667698,吐槽的猴啦啦,男,河北
5503864294,KIM_GDA,女,其他
5389158246,左拆今天更新了嘛,女,新疆 乌鲁木齐
3219875583,瘦肉精增肥,女,海外 美国
3283997347,和小南辰王看遍长安花,女,海外 芬兰
2018559671,少年同志,男,广东 茂名
2926909123,甛味小农,女,黑龙江
5770298742,李子_litzy,女,广东 深圳
3934782600,专业发小脾气,女,山东 青岛
1739002705,Hey佳啊,女,浙江 台州
3798845331,穿花衬衫的小拖鞋,女,北京 海淀区
1753234403,骂骂心里爽,女,海外 韩国
2583959517,争气的铁蛋,女,北京
3798845331,穿花衬衫的小拖鞋,女,北京 海淀区
1753234403,骂骂心里爽,女,海外 韩国
2583959517,争气的铁蛋,女,北京
2700845414,愛戀手札,女,浙江
1964806843,是蝉,女,海外 法国
2707924847,栗子缺木,女,海外
7313270362,只搞真基,女,北京
2814489417,小李今天也睡不醒,女,重庆 綦江区
3123009451,birdsisy2828,女,山东 烟台
3122096742,Hoziwei,男,其他
1822271003,春风十七里,男,其他
2083111511,涵流来袭,男,北京
1890964423,明明如月牙,女,其他
1923886253,木村师哥,女,海外 美国
5521645971,橘橘橘橘子已黑化,女,山东
6436809606,李昆运Kyrie,男,海外
1878991643,李碧华子子,男,江苏 镇江
5329282356,Mi0Juan,女,山西 吕梁
1883740884,诗说天下W,男,北京
6053278987,致敬了不起的老兵,男,河南 驻马店
1732719417,深情的纯祎酱,女,北京
7505137111,sp969600,女,福建
5615696954,杨琳杨琳Y,女,湖南
2284510483,绅士快跑,男,广西 南宁
5485954268,A_好气色的小虎李三,女,北京
5022290766,橙心奶茶七分甜,男,上海
5227752079,Oxygen-玧,男,山西 运城
2126337124,芥末牙牙,女,海外 英国
1040016687,黄培培11,女,上海 黄浦区
5370247576,阳光不锈暖萌萌,女,天津
5707391129,芙蓉公安,男,湖南
1750992011,王绿油油,女,广东 广州
2864110582,七屁坨,女,其他
3920064274,正月初0,女,江苏 南京
2025661723,爱撸铁的骨匠,男,山东 济南
1885286525,女神小野酱,女,台湾
6014749173,几分钟义务教室,男,北京 海淀区
7243442311,山下de梅子酒,女,其他
5195582852,没有,男,其他
6014749173,几分钟义务教室,男,北京 海淀区
7243442311,山下de梅子酒,女,其他
5195582852,朋友圈创意九宫格文案,女,广东
3478733772,娇yee,女,吉林
2687291020,L刘温柔V,女,天津
3334142714,陕西消防,男,陕西
5687540195,千面猫尼卡,女,海外
1951805521,请叫我兔小仙儿,女,北京 海淀区
1783634713,朱丹艺术体操,女,北京
2152695884,77·柒月瑾,女,辽宁
2152695884,77·柒月瑾,女,辽宁
5613891989,Alien-123,女,广东 深圳
1492699664,庄小贪,女,北京 海淀区
1892363205,泉州消防,男,福建 泉州
2045168107,花菜阿良,男,浙江 宁波
3019274011,芝士奶酪棒棒糖,女,辽宁 沈阳
3205032951,任yaya,女,内蒙古 呼和浩特
1624137625,短线刀客888,男,北京 朝阳区
5457398481,田田田雪w,女,河北 唐山
5244183267,麒麟神侯,男,安徽
1799299045,萌主的大卖部,女,河北 邯郸
1815422742,卖男孩的小火柴柴犬,男,广东 揭阳
5473941628,吉安消防,男,江西
1135519843,爱李李茜,女,其他
2072098161,Bloodpitt2222,女,重庆
3829610365,taetaejin,女,上海
1842074147,桃之妖1011,女,江苏
1256773011,鲜知知,男,四川 成都
2726414075,爱笑的summer酱,女,海外 奥地利
5375354932,七三零二五,男,浙江 杭州
1440021635,水木丁,女,北京 朝阳区
2710603090,孙青婷,女,河南 信阳
5191968117,Msandpapersign,女,其他
7270459191,小半靥花,女,湖南 永州
1875332097,还是冷雨霏,女,广东 深圳
1808447862,吃货海淘帮,女,山东 济南
3866413870,hi圆圆的姑娘,女,山东 济南
1298230512,华图教育易定宏,男,北京 东城区
3986568718,三月里有条鱼,女,山西 太原
6400687926,职场大小姐,女,北京
3866413870,hi圆圆的姑娘,女,山东 济南
1298230512,华图教育易定宏,男,北京 东城区
3986568718,三月里有条鱼,女,山西 太原
6400687926,职场大小姐,女,北京
1758168181,涵爸视觉,男,山东
5143715377,秣陵八爷,男,江苏 南京
1963151845,终于要成为真社畜了,男,北京 海淀区
2781649783,郑房有问有答,男,河南 郑州
5572891526,是希望变得从容的阿荷,女,陕西
1225725245,褥上繁花,女,河北 石家庄
3654385413,肥卷哩个卷,女,广东 广州
6882002912,你他吗在干嘛,女,其他
2801160740,CH1680,女,浙江 杭州
2703209792,阳光彩虹肖白马,女,海外 其他
6026357648,婕拉爱好者,女,重庆
1852524411,我是王大宝大宝大宝大宝大宝,女,吉林
3301578031,腊八的小九儿,女,海外
5254758580,邱雪呦,女,辽宁 锦州
1700299103,西皮女巫Artemis,女,山东
1784631223,白衣奶爸,男,广东 广州
1900800941,宗敏0-1-100,女,其他
5083679470,WulalawulaX,女,湖北
5225040131,刘啾啾不喝酒,女,辽宁 大连
6374541436,_girlcrush_,女,江西
1106013620,小嗡嗡就是Kayla,女,广东 东莞
3759168215,墨儿不再孤单,男,湖南 长沙
1968262035,然的呓语,女,其他
1302127684,陈的佳,女,浙江 杭州
6329817319,唐局长,男,湖南
1718622107,风入松的信箱,男,上海
1968262035,然的呓语,女,其他
1302127684,陈的佳,女,浙江 杭州
6329817319,唐局长,男,湖南
1718622107,风入松的信箱,男,上海
5871938413,更橘,女,广东 茂名
2704431903,策一相,男,江苏
2707578137,EW不是ET外星人,男,其他
3287612441,笑谈一直风华,女,台湾 高雄市
2639365673,那一支柚子,女,河北 保定
1923701143,万达妈在挪威,女,海外 挪威
1718622107,风入松的信箱,男,上海
5871938413,更橘,女,广东 茂名
2704431903,策一相,男,江苏
2707578137,EW不是ET外星人,男,其他
3287612441,没有,男,其他
2639365673,那一支柚子,女,河北 保定
1923701143,万达妈在挪威,女,海外 挪威
5498357644,蓝莓冰淇淋的兴x,女,广东
5876758369,波尔街道de松柏,女,其他
1214716117,-君言-,女,黑龙江 哈尔滨
7121642724,无边桃炎,女,其他
1746695027,粉色苞米花式的冒险,女,海外
5568743567,命理菌,女,上海 黄浦区
5848752575,你眼似海只为我蓝,女,安徽 蚌埠
7515444628,郑州大砖头,男,河南
1788717373,杉小杉·Isha,女,辽宁 大连
2997643263,一表人材星人,女,其他
5375354932,七三零二五,男,浙江 杭州
5529558248,赵钱sun李的孙,女,山东 济宁
6126474705,没有,男,其他
7121642724,无边桃炎,女,其他
1746695027,粉色苞米花式的冒险,女,海外
5848752575,你眼似海只为我蓝,女,安徽 蚌埠
7515444628,郑州大砖头,男,河南
1788717373,杉小杉·Isha,女,辽宁 大连
2997643263,一表人材星人,女,其他
5375354932,七三零二五,男,浙江 杭州
5529558248,赵钱sun李的孙,女,山东 济宁
6126474705,荞麦酱852,女,广东
1402994162,胡子格-微语录,男,福建
7626249133,大锅盖的成长记,男,四川
5385476545,花儿__Flora,女,河南
1413142663,没有,男,其他
2294832384,Twohundredplusfiftyfive,男,其他
6524635948,96的崽,女,北京
5425550897,大李还小,女,浙江 杭州
1752885512,大丸子酱Maruko,女,海外 泰国
5200264868,张不懂Tyou,男,海外
2865007802,末末暖夏,女,浙江
3536797942,哪儿都想,男,山东 威海
6524635948,96的崽,女,北京
5425550897,大李还小,女,浙江 杭州
1752885512,大丸子酱Maruko,女,海外 泰国
5200264868,张不懂Tyou,男,海外
2865007802,末末暖夏,女,浙江
3536797942,哪儿都想,男,山东 威海
2616946807,一一又壹壹,女,上海 浦东新区
2822805792,顾文豪,男,云南 昆明
1765981287,爱吃辣条的陈掌柜,女,山西 晋城
2811490621,品牌设计视觉,男,海外 美国
2741644567,光头_长老,男,湖南 长沙
1750534373,睡衣帝,女,其他
5271225109,康复小呆萌资艳,女,北京
2668943002,牙齿矫正周博士,男,上海 黄浦区
2469206600,或许我该换名字了,女,广东 广州
1421104684,请用茶,男,北京 东城区
1644208324,小兮小兮我是谁,女,其他
3817457555,鸟姐姐变瘦才能飞起来1,女,其他
5376623088,六月夏夏A,女,江苏
3025316977,独立摄影师-石头,男,四川 成都
1644208324,小兮小兮我是谁,女,其他
3817457555,鸟姐姐变瘦才能飞起来1,女,其他
5376623088,六月夏夏A,女,江苏
5075433396,猫了个咪的毛小喵,女,北京 朝阳区
6466833883,是令诚啊,男,湖南 长沙
1458027943,曹同军,男,海南 海口
5207827164,一闪一闪的胖静静,女,其他
2684913791,没有,男,其他
2050260197,胖哥杨力,男,北京 东城区
2183570524,雪球,男,北京
5207827164,一闪一闪的胖静静,女,其他
2684913791,青静柠檬,女,浙江 杭州
2050260197,胖哥杨力,男,北京 东城区
2183570524,雪球,男,北京
5505498726,焦谯有点淘呦,女,辽宁 大连
5066986792,IU-Irene,女,广东
5538577817,Mint时光手帐,女,上海
2175248790,WILL-磊,男,安徽 阜阳
2660844271,冷冰冰的猪肉制品,女,四川
2660844271,冷冰冰的猪肉制品,女,四川
5536767084,请朱一龙保佑小弟我上岸,男,陕西
2106697450,_記性不好的孩子是快樂嘚,女,陕西 西安
3761901613,我太爱吃榴莲了啊,女,北京 丰台区
5984962646,当克瑞斯爱上帝,男,福建 泉州
2332091843,悟空的小米粥,女,天津 红桥区
2519929382,悠然文案课,女,安徽
1980708047,中山天气,女,广东 中山
1685631765,柳叶安安,女,海外 其他
5428810305,boy-裴明军,男,山西 运城
3094290237,John谯华,男,重庆 南岸区
3542499612,花田猫鱼,女,其他
5819132042,古美萌的ONE5小奈,女,其他
5871113358,北游的虞,女,安徽 合肥
2491450071,大大城小爱,女,辽宁 沈阳
5663133624,韩玉兔,女,上海
5743446420,灯亮了就前行,男,江苏
1180073913,时尚礼仪顾问,男,北京 朝阳区
5476855771,CJWilson真的很棒,男,其他
5974585848,趣味无限大集合,女,四川
6128338938,MoMoLogs,男,北京
1919542037,vivibear-xin,女,重庆 九龙坡区
6883172264,甜甜圈YL1995,女,四川 成都
6279486469,须静观止,男,广东 佛山
2074098912,miumiu野蛮生长,女,广西 梧州
1960031181,甘肃亢兆宁,男,甘肃 兰州
3037234295,张清苑,女,其他
6753510441,月光淡星辰er,男,其他
1762403144,PINK猪妹哟,女,河南
6276470025,哦吼怎么办,女,海外 西班牙
6276470025,哦吼怎么办,女,海外 西班牙
2519929382,悠然文案课,女,安徽
5339844465,苏醒的冬,女,河南 郑州
7246834728,爱数学的小怪兽,女,江苏
3226475975,薇拉内拉靠,男,澳门
1768976195,希望成为一个肤浅又快乐的小富婆,女,广东 广州
5342442871,RanGelio,男,广西 南宁
2903604800,夜凉微暖风,女,广东 深圳
3916141503,十项全能的F酱,女,湖北 武汉
3817163614,影视娱乐眼,女,北京 东城区
1861477054,何天恩,男,浙江
2698593531,坚毅的小果,女,广东 广州
2051277625,喜欢猫的稻草人,女,北京
5880474799,一个快乐的小女孩呀,女,广东
5955460009,Doris_诗琪思齐啊,女,北京 大兴区
6563153047,考研的小曾曾,女,福建
5261423175,美香今天回家了吗,女,北京
1797773862,二夏啊二夏,女,安徽 合肥
3994341568,没有,男,其他
2969719565,没有,男,其他
6563153047,考研的小曾曾,女,福建
5261423175,没有,男,其他
1797773862,二夏啊二夏,女,安徽 合肥
3994341568,熊勒个猫,女,四川
3529830974,清凉漠默,女,北京
2969719565,Angie粉红小月,女,海外 马来西亚
6019506622,耿居居的小宝贝,女,其他
6299421654,淇圈顶流小凤凰,女,海外
1180860635,裸枪,男,黑龙江 齐齐哈尔
3297979751,七个七的七个旅行,男,云南 昆明
1789742195,懒懒望月,女,江西 宜春
1650926392,人间比例尺,男,浙江
1792728992,小四喜蒙圈了,女,山东 德州
1403025472,某男舒立,男,安徽
5374662256,迷茫_19,女,台湾 高雄市
6894443132,Miss兔小姐M,女,吉林 长春
1807092290,Yu小yuer,女,海外
5499991364,海不想遥远,女,山东 济南
6600981571,秘而不宣的欢喜,女,其他
2840798673,bo_Fan-,男,台湾 台北市
1885286525,女神小野酱,女,台湾
5672199786,陆冰_bing,女,辽宁 朝阳
5985242650,慕容忆初,女,北京
1652069361,胡晓辉深度财经,男,北京
1112928761,深圳小天,男,广东 深圳
1590088022,街角的超市卖冰淇淋,女,天津 南开区
5241887994,小娴子么么哒,女,广东 广州
5380501825,昌江发布,男,江西
2132006401,我是归止,女,浙江
1826111200,不卑不亢肖刚烈今天笑了吗,女,上海 闵行区
2942159911,小可可可妮,女,其他
7620928557,日本语言学校直申日本留学,女,北京 东城区
1049482352,见川必须早睡不要作死,女,北京
1774965254,_鸵鸟鸵鸟小姐_,女,海外 英国
6018560006,人-闲-桂-花-落,男,其他
2163417162,刑法张宇琛,女,北京
5308625464,婉儿与你-,女,江苏
1337970873,延参法师,男,河北 石家庄
6078562289,月亮湖视频,男,湖北
1572125555,主爱Kedear,女,山东 青岛
2163417162,刑法张宇琛,女,北京
5308625464,婉儿与你-,女,江苏
1337970873,延参法师,男,河北 石家庄
6078562289,月亮湖视频,男,湖北
1572125555,主爱Kedear,女,山东 青岛
1429406422,职掌事,男,海外
1951893153,-姬小红-,女,山西
1315434165,春杉大道Russell,男,北京 朝阳区
1043483407,MD_宁萌皮,女,山东 烟台
3592148324,刘洪仁-爸爸的育儿思考,男,海外 新加坡
1884558750,每天一起读书吧,女,北京 海淀区
3874650244,犹记惊鸿一,女,其他
5806937798,韭菜之友,男,海外 其他
2232026995,文旅雅安,女,四川
5571701828,四川名医,女,四川 成都
1656192800,沧海大猫,男,浙江 台州
7315816968,胡翊晨,男,江西
1839568425,深紫深海鱼,女,湖北 武汉
1063687330,中国IT杂谈,女,上海
5326750151,娃娃机很酷,女,江苏
1063687330,中国IT杂谈,女,上海
5326750151,娃娃机很酷,女,江苏
6438522762,安吉莉娜surperstar,女,新疆 乌鲁木齐
5075433396,猫了个咪的毛小喵,女,北京 朝阳区
3814571502,慕容颖Ally,女,湖南
6550347933,诸葛一段,男,上海
1569604251,心理咨询师吕玲,女,山东 青岛
3610884844,酒色财气全都占,女,辽宁 葫芦岛
1951859012,行走的军强,男,海外
1153588720,贵族乞丐,男,山东 威海
5871676948,诗酒面相,男,辽宁
5544505726,淡淡云姑娘,女,海外
5654622567,冬雪-暗香,女,广东 广州
5871081637,言无丢,女,其他
5380501825,昌江发布,男,江西
1393633983,rainy蓝小雨,女,广东 广州
6094785552,顽皮的郭贝勒,男,北京
2159935314,-欣欣崽,女,广东
1400582340,贝勒王·,女,北京
2723615571,妮小娜Lina,女,黑龙江 哈尔滨
1393633983,rainy蓝小雨,女,广东 广州
6094785552,顽皮的郭贝勒,男,北京
2159935314,-欣欣崽,女,广东
1400582340,贝勒王·,女,北京
2723615571,妮小娜Lina,女,黑龙江 哈尔滨
1819759473,杳杳轻烟暖,女,北京
1953478172,刘宇峰峰峰_,男,澳门
5627394313,翘屁嫩橘,男,其他
1774430847,vinnedeng,女,广东 中山
1557952645,逍遥的2021幸福安康富贵顺心意,女,其他
1856319760,LIMOIS,女,广东 深圳
5770794741,_MmMoonLight_,女,海外
5317934877,Grau_Masken,女,北京 西城区
3264559021,贺兰不是金吾卫,女,北京
1767662955,呓语之人,女,山东
5258331750,only思雨,女,浙江 金华
2794134627,春末五月的刺猬,女,江苏 徐州
7509352124,维克多de紫薯糯米丸,女,江苏
2610179962,一只无聊的柚子,女,江苏 苏州
5642442301,爱情味,男,海外
1856319760,LIMOIS,女,广东 深圳
5770794741,_MmMoonLight_,女,海外
5659605393,三山yaya,女,福建
5317934877,Grau_Masken,女,北京 西城区
3264559021,贺兰不是金吾卫,女,北京
1651571181,阳光暖暖Doris,女,其他
1767662955,呓语之人,女,山东
5258331750,only思雨,女,浙江 金华
2794134627,春末五月的刺猬,女,江苏 徐州
7509352124,维克多de紫薯糯米丸,女,江苏
5532648623,北大夏,女,四川
1642720425,矫情说的就是我,女,河北 廊坊
3220076837,啦啦啦啦326,女,浙江 台州
6528856933,奶尤小泡芙,女,海外 马来西亚
2497343127,莫Moting,女,广东 广州
1779809207,椰汁西米露茶-,女,海外 美国
1592229153,情感文艺君,男,河北
2764932381,小小小小胡同,女,辽宁 沈阳
1104722114,相思有恒,女,江苏 南通
6424677341,写的秘密太多所以,男,宁夏
1329201253,赵宏民,男,上海 黄浦区
3177811847,改过名字的姑娘,女,贵州 贵阳
3597788042,刘小爆爆丶,女,吉林
2990179805,今年花胜去年好,女,北京 东城区
3509151700,_MessUp,女,江苏
1642720425,矫情说的就是我,女,河北 廊坊
3760017990,HARIKE-N,女,福建 宁德
3220076837,啦啦啦啦326,女,浙江 台州
6528856933,奶尤小泡芙,女,海外 马来西亚
2497343127,莫Moting,女,广东 广州
1104722114,相思有恒,女,江苏 南通
6424677341,写的秘密太多所以,男,宁夏
5729674988,Jadennn_,女,其他
1347373307,成精的大土豆子,女,浙江 杭州
5112215623,小Q是只猪,女,广东
5514437367,宥宝先生,男,北京
1733826827,FC说了,女,湖南 长沙
5311862572,胖球少年环花花,女,安徽 合肥
1706476010,修身养性王花花,女,河南 商丘
6073284214,磨牙的小鳄鱼YY,女,重庆
6049215705,云自无心水自闲233,女,其他
2250595583,静雲子-易尚礼,男,河南
3087829285,十九曰_,女,海外
5625049032,elaine_jing8,女,其他
7106685988,紫梧桐Elina,女,北京
2640993033,君陌十三少,男,河南
5998049757,选择跟随你屈服于爱意,女,辽宁
6856301581,冰岛搭帐篷黄河里游泳,男,西藏
5619261793,我是酒儿呢,女,广东
5130534622,Tcoldpan,男,上海 松江区
2169251197,伊伊麻麻热爱生活,女,其他
5601886297,唐山大小事,男,河北 唐山
2810433404,沉睡萨皮纳,女,其他
5634461104,把你的小恐龙交出来,女,辽宁 沈阳
2493887081,把你写进我的梦想清单,女,重庆
3929607010,黑猫警长94,女,其他
3084193190,雪走c-z,女,安徽
1865867192,嘻嘻是波妞哦,女,四川 成都
5075832509,菜鸟小律师打怪升级,女,海外
2493887081,把你写进我的梦想清单,女,重庆
3084193190,雪走c-z,女,安徽
1865867192,嘻嘻是波妞哦,女,四川 成都
5075832509,菜鸟小律师打怪升级,女,海外
2211091927,逗你玩氵货,女,浙江 杭州
3297686893,SexyMissile,女,海外 越南
1924327611,翎之漪,女,湖北
1670441633,Mar-Del,女,北京 朝阳区
3860330981,ai-随遇而安,女,安徽 安庆
6260031137,甜磕古古,女,其他
5130534622,Tcoldpan,男,上海 松江区
2169251197,伊伊麻麻热爱生活,女,其他
5601886297,唐山大小事,男,河北 唐山
2810433404,沉睡萨皮纳,女,其他
5634461104,把你的小恐龙交出来,女,辽宁 沈阳
2493887081,把你写进我的梦想清单,女,重庆
3929607010,黑猫警长94,女,其他
3084193190,雪走c-z,女,安徽
1865867192,嘻嘻是波妞哦,女,四川 成都
5075832509,菜鸟小律师打怪升级,女,海外
6174602953,金剪刀开箱,男,山东
5518017813,sakulatears,女,其他
5493913801,我是一只酸菜鱼qaq,男,河南 新乡
3905900047,陆離-----,女,陕西 西安
2925856575,杳杳道啾啾鸟,女,湖北 鄂州
1396849355,樱小落_Cranberry,女,辽宁 沈阳
6651502339,有钱小赞比1005,女,浙江
5492866497,蒸汽小泡芙o,女,甘肃 兰州
2766907881,喝白开水长大的孩子,女,湖南 长沙
2636425331,你白羊座我狮子座我们特别合,女,福建 泉州
6174602953,金剪刀开箱,男,山东
5518017813,sakulatears,女,其他
5493913801,我是一只酸菜鱼qaq,男,河南 新乡
3905900047,陆離-----,女,陕西 西安
2925856575,杳杳道啾啾鸟,女,湖北 鄂州
1396849355,樱小落_Cranberry,女,辽宁 沈阳
6651502339,有钱小赞比1005,女,浙江
5492866497,蒸汽小泡芙o,女,甘肃 兰州
3774291475,司命大人人,女,北京
5108630207,-Maitian守望沵,女,其他
7142791766,乐尤尤Loveuu,女,其他
5697379668,豆皮火,女,重庆 九龙坡区
6470231629,白雪_女巫,女,广东
5555754021,酒亦浓,男,河南 信阳
5319434540,小海棠君,女,海外 斯洛伐克
7538684170,·雨忱·,女,其他
3971610160,白白的白瓷砖,女,其他
1885120091,铭乐uku,女,湖南 长沙
1257904100,三个字的魔咒,女,浙江 宁波
2701075570,穆利长者,女,其他
1341740644,吴信号,男,上海 黄浦区
2110815175,通达局局座,男,澳门 其他
1059938771,歆妤月,女,江苏 苏州
2905899117,累计收益upupup,女,其他
5267776494,不知虫二,女,陕西 西安
1592917513,陈思进,男,海外 加拿大
6046160846,望啊望向你呀,女,湖北
6069256057,可萌小小兮,女,贵州 贵阳
3905900047,陆離-----,女,陕西 西安
6189469730,11点前结束冲浪,女,陕西
1396849355,樱小落_Cranberry,女,辽宁 沈阳
6054599809,七悠秋QUQ,女,湖北 武汉
6651502339,有钱小赞比1005,女,浙江
3929649644,鄂尔多斯烤全羊,女,湖南 长沙
5492866497,蒸汽小泡芙o,女,甘肃 兰州
2766907881,喝白开水长大的孩子,女,湖南 长沙
3736428637,比更好还要好,男,山西
1986330263,凌蓝灰灰,女,陕西 西安
7618313942,澳龙小飞侠,女,其他
2287365501,小议国事,男,其他
1966412137,Ccong酱,女,四川
1999965085,hjlyqnlO,女,河南 信阳
1664773191,洳淉__愛,女,上海
2370264211,取个有趣的名字-W1Bo-805,女,上海
1611229123,狮狮子Elsa,女,天津
5507896881,有根胡萝卜叫爱情,男,山东
1257904100,三个字的魔咒,女,浙江 宁波
3616193987,今晚不吃,女,安徽
1736682645,老阝可女夷少女芯,女,河北 邯郸
6213970460,·仲夏葵游岛·,女,上海
2972386084,是个迷人反派的铁锤啊,女,湖北 襄阳
3645240607,只给你亲一口小李,女,上海
1846902731,苕花花要努力奋斗,女,重庆
3233677941,幸运玻璃波尼伯利跳,女,海外
6594271017,万能人绝不认输,女,河南
2363618847,不要jing静,女,其他
1726359482,旋转吧,女,山西 运城
1559091540,还有啥没注册呢,女,黑龙江 哈尔滨
7514333086,seki逗,女,广东 深圳
2850495400,taya肥Chan,女,其他
5589156929,BaibaiYang_,男,山东 青岛
1869052445,你们身边有没有那种,女,其他
6073968896,矣儿,女,澳门
6221338564,平淡而又美好,女,河南
6206401969,草环与森林,女,河南
3224264544,江小媚_HI,女,山东 泰安
5636002928,口口尤,男,吉林 松原
5577570933,格子-YA,女,河南 商丘
6456154072,拾夢時光机,女,湖北
1101240824,Sara_FSQ,女,广东
1053364655,傲娇的米阿姨,女,四川 成都
2867947633,真真的小姐姐呀,女,北京
3879369349,是檬柠柠啊,女,其他
5820828523,a-successful-girl,女,河南
1683314483,宋唐魏晋106,女,上海 徐汇区
2608785363,小霏霏兜里有糖,女,辽宁 沈阳
2795539677,肖肖肖的TTT,女,海外 荷兰
3879369349,是檬柠柠啊,女,其他
5820828523,a-successful-girl,女,河南
1683314483,宋唐魏晋106,女,上海 徐汇区
2608785363,小霏霏兜里有糖,女,辽宁 沈阳
2795539677,肖肖肖的TTT,女,海外 荷兰
2352103104,崔凯丽Kari,女,北京
5985506341,今晚会梦见他吗,女,湖南
1215077424,SUPER_MARIYA,女,其他
2648013263,除了我都是二哈,男,上海
1427139674,白鸟鸟儿,女,广东 深圳
5271916632,Good-Morning-Night,女,江苏
2611305817,五道沟视点,男,山东
5703861372,Noblegas-,女,湖北
5234488065,雪崽,女,江苏 苏州
5516286146,有品味卷卷羊,女,辽宁 沈阳
2325104947,名字里有光呀,女,浙江
5442857044,是你的开心果鸭,女,山西
1626914390,天水娅娅,女,江苏 苏州
3163565820,吃不胖的奶猫·,女,广东
6073968896,矣儿,女,澳门
6221338564,平淡而又美好,女,河南
6206401969,草环与森林,女,河南
3224264544,江小媚_HI,女,山东 泰安
2607894151,_雪梨儿_,女,河北 唐山
5636002928,口口尤,男,吉林 松原
3017590471,熙世无双的炸酱面,女,山东
1876107857,HG木楚,女,澳门 其他
5577570933,格子-YA,女,河南 商丘
6456154072,拾夢時光机,女,湖北
5268849936,刘小小小同学,女,云南 昆明
5935436376,小小的大体格子,女,辽宁 营口
5271916632,Good-Morning-Night,女,江苏
2611305817,五道沟视点,男,山东
5703861372,Noblegas-,女,湖北
5234488065,雪崽,女,江苏 苏州
5516286146,有品味卷卷羊,女,辽宁 沈阳
2325104947,名字里有光呀,女,浙江
5442857044,是你的开心果鸭,女,山西
2608785363,小霏霏兜里有糖,女,辽宁 沈阳
3722322232,如哈,女,山东 济宁
2795539677,肖肖肖的TTT,女,海外 荷兰
2352103104,崔凯丽Kari,女,北京
5985506341,今晚会梦见他吗,女,湖南
1215077424,SUPER_MARIYA,女,其他
2648013263,除了我都是二哈,男,上海
1427139674,白鸟鸟儿,女,广东 深圳
7456772808,往事锁尘烟,女,河北
1827061541,橄榄油烤海苔,女,北京 朝阳区
5484083845,明天几点起o,女,湖南
3732976425,Chenchen_0v0,男,海外 英国
2576556212,爱吃面包的嘉大小姐,女,重庆 巴南区
1919518104,秀奇卡,女,云南
6882425441,小稀CCRs,女,上海
5481060677,OiOiOi喔,女,其他
3042654871,一水墨白,男,湖北 黄冈
7041173368,停售烟火_,女,海外 爱尔兰
2480939244,Zoe想当大编剧,女,上海
3261938072,朝朝阳阳,女,山东 青岛
5383103450,PaiCiciC,女,海外
3012873277,神笔马良Eddie,女,江苏
1659273132,综艺小娱哥,男,海南
7346276622,啪几下表哥,男,浙江
5268849936,刘小小小同学,女,云南 昆明
5935436376,小小的大体格子,女,辽宁 营口
5271916632,Good-Morning-Night,女,江苏
2847372745,是甜甜不是甜,女,山东 潍坊
5703861372,Noblegas-,女,湖北
5234488065,雪崽,女,江苏 苏州
5516286146,有品味卷卷羊,女,辽宁 沈阳
2325104947,名字里有光呀,女,浙江
5442857044,是你的开心果鸭,女,山西
1626914390,天水娅娅,女,江苏 苏州
3163565820,吃不胖的奶猫·,女,广东
5661947589,嗯密丛,女,河南 郑州
1450815690,菲原同学,男,其他
5605408014,十狸绘美人,女,山东
5878473798,夢vivaLaLiberte,女,浙江 宁波
1915878710,大老客大大,男,四川 成都
3849780690,吃一瓣蒜,女,陕西 西安
3962183753,冰一亿,女,河南 郑州
6255376391,N官官,女,其他
2109249570,五横一竖,女,浙江 杭州
5948971681,冷默默喔,女,其他
2945140647,茹艳超ing,女,山东 济宁
1654835464,一抹天然呆,女,湖南 衡阳
5674298516,我猜你认错人了,男,辽宁 沈阳
5271188529,杨柠xxl,女,河南 郑州
6880893904,有九颗草莓,女,其他
5869685325,张刘艳y,女,山西 临汾
3225423084,Zily-0923,女,陕西
2219611243,无心的蒲公英,女,其他
2854281735,大脸猫高原红,女,河南 郑州
1914061993,郭斌_WELL,男,江西 赣州
2629567321,墙里秋千藤,女,安徽 合肥
5878473798,夢vivaLaLiberte,女,浙江 宁波
1915878710,大老客大大,男,四川 成都
5674298516,我猜你认错人了,男,辽宁 沈阳
5189789763,小鹿乱撞壮壮,女,广东 中山
1184333280,榕毅资本,男,其他
3022010475,生命走过的痕迹,女,江西 南昌
2452488395,漯河消防,男,河南 漯河
1871522561,寒尘菲菲,女,天津 西青区
3154311725,1LDAN李赫宰的草莓牛奶,女,四川 成都
5185342555,铁锤瓜,女,辽宁 大连
1928044191,77想要成为你的鹿啊,女,广东 深圳
1771964942,翻叔,女,湖北 武汉
3186157335,假如日光不会倾城,女,四川 成都
3928379643,-KRYSTALZHAN-,男,辽宁
6883060031,小蛮腰沫沫,女,海南 三亚
5332465240,不吃不好吃的,女,其他
5634669170,查查力干,女,内蒙古 赤峰
3299134125,月影为龙,女,其他
5500185316,你笑得像个傻子kq,女,黑龙江
5207840401,一路向北北北北y,男,浙江
3173265897,幸运der小可爱,女,其他
2298447463,艺唧唧咕咕,女,浙江
1360307403,1111P_,女,其他
1736937904,善观雪,女,湖南
1808021604,清烟淡水痕,女,浙江 杭州
5446515343,蛋蛋丹丹豆豆牛,女,天津
2951689017,Sukulm,女,浙江 舟山
1820723252,詩迦BBBBB,女,广东
3807570813,无糖柠檬霸,女,北京 朝阳区
1962379113,小K最爱一博,女,江苏 南京
1714118082,深深深的海,女,山东
2021250327,小岚妹妹_,女,北京
3928379643,-KRYSTALZHAN-,男,辽宁
6883060031,小蛮腰沫沫,女,海南 三亚
5332465240,不吃不好吃的,女,其他
5634669170,查查力干,女,内蒙古 赤峰
3299134125,月影为龙,女,其他
5500185316,你笑得像个傻子kq,女,黑龙江
5207840401,一路向北北北北y,男,浙江
3173265897,幸运der小可爱,女,其他
2298447463,艺唧唧咕咕,女,浙江
1801504320,爱军宇梦,女,辽宁 大连
5500185316,你笑得像个傻子kq,女,黑龙江
5207840401,一路向北北北北y,男,浙江
3173265897,幸运der小可爱,女,其他
2298447463,艺唧唧咕咕,女,浙江
1801504320,爱军宇梦,女,辽宁 大连
5375327687,琴声里愁几许关于你_,女,海外
1736693744,躲在飘雪的季节,女,北京 海淀区
5206927067,小贾de日记本,女,吉林 吉林
5323974738,西西里岛的咸鱼,女,其他
1895330815,猪八戒重读历史,女,北京 朝阳区
1184333280,榕毅资本,男,其他
3022010475,生命走过的痕迹,女,江西 南昌
2452488395,漯河消防,男,河南 漯河
1871522561,寒尘菲菲,女,天津 西青区
3154311725,1LDAN李赫宰的草莓牛奶,女,四川 成都
5185342555,铁锤瓜,女,辽宁 大连
1928044191,77想要成为你的鹿啊,女,广东 深圳
1771964942,翻叔,女,湖北 武汉
5827647890,爱吃香菜的左姑凉,女,贵州 贵阳
2550345364,怪咖-echo,男,吉林 长春
1928044191,77想要成为你的鹿啊,女,广东 深圳
1771964942,翻叔,女,湖北 武汉
5827647890,爱吃香菜的左姑凉,女,贵州 贵阳
2550345364,怪咖-echo,男,吉林 长春
2821678972,熊兄一家亲,女,海外 澳大利亚
6360172916,好吃的shellieMay,女,海外 澳大利亚
1897616191,白菜韭菜黄花菜,女,北京 东城区
5287874365,七七XZT,女,浙江 杭州
1892507122,休要采我这朵小花花,女,江苏 无锡
2181316930,萄芷夭夭,女,海外 其他
3173611310,Simonaxxx,女,海外
6347507603,没了腋毛,女,广东 广州
5622432045,给我亲爱的小狗子,女,其他
1776000203,草莓胖哒,女,江苏 苏州
2969727463,奇爱先生Near,男,浙江 温州
7553889231,佯佯小狂,女,江苏
3186157335,假如日光不会倾城,女,四川 成都
3928379643,-KRYSTALZHAN-,男,辽宁
6883060031,小蛮腰沫沫,女,海南 三亚
5332465240,不吃不好吃的,女,其他
2969727463,奇爱先生Near,男,浙江 温州
7553889231,佯佯小狂,女,江苏
3186157335,假如日光不会倾城,女,四川 成都
3928379643,-KRYSTALZHAN-,男,辽宁
6883060031,小蛮腰沫沫,女,海南 三亚
5332465240,不吃不好吃的,女,其他
5634669170,没有,男,其他
3299134125,月影为龙,女,其他
5500185316,你笑得像个傻子kq,女,黑龙江
3889205174,你的小姨妈是我,男,其他
5394592776,阿羽Sylvia,女,浙江 杭州
5653400715,紫烟陌雪,男,上海 徐汇区
2554438091,馥儿也有小情绪,女,四川 成都
2964699207,麻吉拉,女,海外
2824208325,阿羅説,男,河南 郑州
2803923055,refusetoaddfriends,女,上海
2654092087,箬柳拂枫,女,辽宁 沈阳
5704959844,夏葵冰沙小柜,女,上海
3964549017,GGZHAO-,女,贵州
2823878263,心理咨询师和你一起探索心世界,女,吉林
5940023404,云寒若燚,男,其他
2725698931,米家今天瘦了吗,女,其他
1264185595,董还山,男,北京 东城区
6020791497,海边的温彻斯特,男,河北
5951451482,熊猫凯cxz,女,其他
2650591673,jmq_-,女,辽宁 大连
5119364491,Su橙橙Su,女,辽宁 沈阳
2273529342,饭饭饭饭哒,女,广东 深圳
1829879463,小小西游记,女,海外 西班牙
2362425630,许你笑忘书,女,浙江 嘉兴
1216073571,Pawcl,男,北京 东城区
5743083812,翟某人深爱的女孩子,女,安徽
5675575477,_达布叔叔_,女,吉林 长春
1946085167,老流氓GiuKi,男,广东
2812614151,你是闪闪的发光体·,女,福建
5852337209,是你的柠檬精a,女,陕西 西安
1741354324,米西啦米西,女,海外
5290370537,葱粤,女,河南
7325475430,芝加哥CO盐CO甜,女,海外 美国
1795176045,LYU倾盖如故,女,浙江 杭州
1795176045,LYU倾盖如故,女,浙江 杭州
6523563558,还是宵夜哥哥,男,北京
5824900721,WX肉肉,女,辽宁 葫芦岛
5285422821,我是杨大奎,男,山东 济南
2708182343,木冥冥,女,山东
6040760058,YZ公子岐,女,辽宁 沈阳
2200567061,普通用户246810,女,北京 朝阳区
6377778646,德才小媳妇儿,女,湖南 长沙
1724386554,墨镜一戴-谁都不爱,女,其他
2923119295,幸运高先生,男,湖北
1860111044,Kim_mumu酱,女,广东 深圳
3484856883,米花花hana,女,其他
6381662525,moon4381,女,上海 闵行区
6370525751,是拿铁啊116,女,海外
5816710321,五二赫兹鲸鱼,女,山东 威海
1074290232,_w婷婷w_,女,浙江 杭州
2932914487,DoumekinoYashiro,男,其他
6353161643,闻舟渡我意,女,天津
5729175327,健身控大娅楠,女,上海 闵行区
6288364793,自闭儿童zbc,女,其他
3830437741,郑啊啊啊Lin,女,广东 深圳
1906123125,九州亿品,男,吉林
5492484937,大水水彡台禹,女,山东 淄博
5681113753,眉开开开,女,四川 泸州
5898718705,爱涵kbeeboyo,男,山东 德州
5873777324,cgtfa,女,西藏 林芝
1727398975,李现家的小寶貝呀_ing,女,广东
1735973627,晴天-园游会,女,海外 英国
1769638541,桃乐丝skr,女,其他
2791641553,大宝多加糖,女,山东 淄博
5180487760,星期一打折要四零元呀,女,安徽 滁州
1770389943,啵啵福娃,女,河南 郑州
2950182841,丶zhang灬lulululululu,女,广东 广州
2960359790,罗马光年,女,海外 加拿大
2768055115,熬夜小能手什么时候戒掉熬夜,女,广东 惠州
2451628715,女司机cyy要出道le,女,重庆 九龙坡区
2315619625,NJ少將,男,辽宁 沈阳
5394592776,阿羽Sylvia,女,浙江 杭州
5699423729,黛阿茜,女,浙江 温州
5653400715,紫烟陌雪,男,上海 徐汇区
5394592776,阿羽Sylvia,女,浙江 杭州
5699423729,黛阿茜,女,浙江 温州
5653400715,紫烟陌雪,男,上海 徐汇区
5552162946,以后归于平淡,女,陕西
2554438091,馥儿也有小情绪,女,四川 成都
2964699207,麻吉拉,女,海外
6537525021,喜欢L先生的莎莎,女,山东
2824208325,阿羅説,男,河南 郑州
2803923055,refusetoaddfriends,女,上海
5124292593,彭于晏的男友,女,四川 乐山
2932914487,DoumekinoYashiro,男,其他
6353161643,闻舟渡我意,女,天津
5729175327,健身控大娅楠,女,上海 闵行区
6288364793,自闭儿童zbc,女,其他
2347124801,小羊驼alpaca爱周杰伦,女,海外 美国
1698224411,美池妈妈,女,辽宁 沈阳
1739940741,格妈Summer,女,海外
6094960040,是小小小小小王呀,女,山东
2299449037,是一个窝窝头呀,女,四川 成都
6088149269,-荼靡22,女,北京 朝阳区
2616629014,宁的小Sandy,女,上海 浦东新区
3114521531,粉红象Elephant,女,辽宁
5982032146,贫民窟-女孩_,女,江西
2151673090,你订的糖糖正在派件中,女,海外 日本
3230212934,加勒比海5677,女,河南 濮阳
1216073571,Pawcl,男,北京 东城区
5743083812,翟某人深爱的女孩子,女,安徽
5675575477,_达布叔叔_,女,吉林 长春
3528091944,一馨YOGA孕产老师Daisy,女,四川 成都
3625464223,CC不要成为自己讨厌的样子,男,天津 蓟州区
3432746312,小柒滴Mama,女,湖北 襄阳
